player,club,lineup_status,confirmed,captured_at,bookmaker,goal_odds,assist_odds,sot_odds
M. Melia,Lincoln City,start,true,2026-08-22T14:30:00Z,oddschecker-best,3.65,,
R. Hackett,Lincoln City,start,true,2026-08-22T14:30:00Z,oddschecker-best,3.84,,
B. House,Lincoln City,start,true,2026-08-22T14:30:00Z,oddschecker-best,3.84,,
C. Bishop,Portsmouth,start,true,2026-08-22T14:30:00Z,oddschecker-best,3.84,,
R. Street,Lincoln City,start,true,2026-08-22T14:30:00Z,oddschecker-best,3.84,,
I. Olaofe,Lincoln City,start,true,2026-08-22T14:30:00Z,oddschecker-best,4.3,,
A. Segecic,Portsmouth,start,true,2026-08-22T14:30:00Z,oddschecker-best,4.5,,
N. Chioma,Portsmouth,start,true,2026-08-22T14:30:00Z,oddschecker-best,5.75,,
E. Kenny,Portsmouth,start,true,2026-08-22T14:30:00Z,oddschecker-best,6.49,,
H. Blair,Portsmouth,start,true,2026-08-22T14:30:00Z,oddschecker-best,6.0,,
J. Murphy,Portsmouth,start,true,2026-08-22T14:30:00Z,oddschecker-best,6.0,,
L. Brooke-Smith,Portsmouth,start,true,2026-08-22T14:30:00Z,oddschecker-best,6.0,,
D. Jefferies,Lincoln City,start,true,2026-08-22T14:30:00Z,oddschecker-best,6.5,,
O. Bailey,Portsmouth,start,true,2026-08-22T14:30:00Z,oddschecker-best,7.0,,
J. Swift,Portsmouth,start,true,2026-08-22T14:30:00Z,oddschecker-best,7.5,,
T. Bayliss,Lincoln City,start,true,2026-08-22T14:30:00Z,oddschecker-best,7.5,,
J. Honohan,Lincoln City,start,true,2026-08-22T14:30:00Z,oddschecker-best,9.23,,
R. Shein,Portsmouth,start,true,2026-08-22T14:30:00Z,oddschecker-best,9.0,,
C. McGrandles,Lincoln City,start,true,2026-08-22T14:30:00Z,oddschecker-best,10.0,,
E. Adams,Portsmouth,start,true,2026-08-22T14:30:00Z,oddschecker-best,10.0,,
T. Devlin,Portsmouth,start,true,2026-08-22T14:30:00Z,oddschecker-best,10.5,,
M. Pack,Portsmouth,start,true,2026-08-22T14:30:00Z,oddschecker-best,12.0,,
C. Ogilvie,Portsmouth,start,true,2026-08-22T14:30:00Z,oddschecker-best,12.0,,
C. Shaughnessy,Portsmouth,start,true,2026-08-22T14:30:00Z,oddschecker-best,14.2,,
J. Farrell,Portsmouth,start,true,2026-08-22T14:30:00Z,oddschecker-best,13.0,,
T. Darikwa,Lincoln City,start,true,2026-08-22T14:30:00Z,oddschecker-best,15.7,,
D. Elerewe,Lincoln City,start,true,2026-08-22T14:30:00Z,oddschecker-best,15.7,,
L. Le Roux,Portsmouth,start,true,2026-08-22T14:30:00Z,oddschecker-best,15.7,,
S. Bradley,Lincoln City,start,true,2026-08-22T14:30:00Z,oddschecker-best,15.7,,
T. Hamer,Lincoln City,start,true,2026-08-22T14:30:00Z,oddschecker-best,15.7,,
R. Towler,Lincoln City,start,true,2026-08-22T14:30:00Z,oddschecker-best,17.0,,
M. Ani,Portsmouth,start,true,2026-08-22T14:30:00Z,oddschecker-best,17.0,,
A. Jackson,Lincoln City,start,true,2026-08-22T14:30:00Z,oddschecker-best,17.0,,
A. Coubis,Lincoln City,start,true,2026-08-22T14:30:00Z,oddschecker-best,17.0,,
C. Agu,Portsmouth,start,true,2026-08-22T14:30:00Z,oddschecker-best,17.0,,
J. Knight,Portsmouth,start,true,2026-08-22T14:30:00Z,oddschecker-best,19.0,,
M. Dia,Portsmouth,start,true,2026-08-22T14:30:00Z,oddschecker-best,21.0,,
H. Matthews,Portsmouth,start,true,2026-08-22T14:30:00Z,oddschecker-best,21.0,,
R. Poole,Portsmouth,start,true,2026-08-22T14:30:00Z,oddschecker-best,21.0,,
A. Priske,Birmingham City,start,true,2026-08-22T14:30:00Z,oddschecker-best,2.75,,
M. Ducksch,Birmingham City,start,true,2026-08-22T14:30:00Z,oddschecker-best,3.0,,
D. Gray,Birmingham City,start,true,2026-08-22T14:30:00Z,oddschecker-best,3.3,,
J. Stansfield,Birmingham City,start,true,2026-08-22T14:30:00Z,oddschecker-best,3.4,,
C. Vicente,Birmingham City,start,true,2026-08-22T14:30:00Z,oddschecker-best,3.9,,
L. Tolaj,Bristol City,start,true,2026-08-22T14:30:00Z,oddschecker-best,4.0,,
D. Ballard,Bristol City,start,true,2026-08-22T14:30:00Z,oddschecker-best,4.2,,
P. Roberts,Birmingham City,start,true,2026-08-22T14:30:00Z,oddschecker-best,4.6,,
K. Fujimoto,Birmingham City,start,true,2026-08-22T14:30:00Z,oddschecker-best,5.0,,
S. Bell,Bristol City,start,true,2026-08-22T14:30:00Z,oddschecker-best,5.2,,
S. Wright,Birmingham City,start,true,2026-08-22T14:30:00Z,oddschecker-best,5.5,,
M. Bird,Bristol City,start,true,2026-08-22T14:30:00Z,oddschecker-best,6.0,,
S. Twine,Bristol City,start,true,2026-08-22T14:30:00Z,oddschecker-best,6.0,,
S. Greenwood,Bristol City,start,true,2026-08-22T14:30:00Z,oddschecker-best,6.0,,
T. Gardner-Hickman,Birmingham City,start,true,2026-08-22T14:30:00Z,oddschecker-best,6.5,,
J. Wallace,Bristol City,start,true,2026-08-22T14:30:00Z,oddschecker-best,6.75,,
T. Horvat,Bristol City,start,true,2026-08-22T14:30:00Z,oddschecker-best,7.5,,
M. Leonard,Birmingham City,start,true,2026-08-22T14:30:00Z,oddschecker-best,8.0,,
Y. Hirakawa,Bristol City,start,true,2026-08-22T14:30:00Z,oddschecker-best,8.0,,
T. Iwata,Birmingham City,start,true,2026-08-22T14:30:00Z,oddschecker-best,8.5,,
D. Fry,Birmingham City,start,true,2026-08-22T14:30:00Z,oddschecker-best,10.0,,
J. Knight,Bristol City,start,true,2026-08-22T14:30:00Z,oddschecker-best,10.5,,
E. Laird,Birmingham City,start,true,2026-08-22T14:30:00Z,oddschecker-best,10.5,,
B. Osayi-Samuel,Birmingham City,start,true,2026-08-22T14:30:00Z,oddschecker-best,11.0,,
A. Randell,Bristol City,start,true,2026-08-22T14:30:00Z,oddschecker-best,11.0,,
P. Neumann,Birmingham City,start,true,2026-08-22T14:30:00Z,oddschecker-best,11.0,,
C. Klarer,Birmingham City,start,true,2026-08-22T14:30:00Z,oddschecker-best,11.0,,
K. Lund,Birmingham City,start,true,2026-08-22T14:30:00Z,oddschecker-best,12.0,,
J. Robinson,Birmingham City,start,true,2026-08-22T14:30:00Z,oddschecker-best,13.0,,
A. Cochrane,Birmingham City,start,true,2026-08-22T14:30:00Z,oddschecker-best,13.0,,
J. Williams,Bristol City,start,true,2026-08-22T14:30:00Z,oddschecker-best,15.0,,
L. Buchanan,Birmingham City,start,true,2026-08-22T14:30:00Z,oddschecker-best,15.0,,
R. Dickie,Bristol City,start,true,2026-08-22T14:30:00Z,oddschecker-best,15.0,,
E. Morrison,Bristol City,start,true,2026-08-22T14:30:00Z,oddschecker-best,16.0,,
R. Atkinson,Bristol City,start,true,2026-08-22T14:30:00Z,oddschecker-best,19.0,,
S. Naylor,Bristol City,start,true,2026-08-22T14:30:00Z,oddschecker-best,19.0,,
N. Eile,Bristol City,start,true,2026-08-22T14:30:00Z,oddschecker-best,19.0,,
G. Yah,Bristol City,start,true,2026-08-22T14:30:00Z,oddschecker-best,19.0,,
L. Eissat,Bristol City,start,true,2026-08-22T14:30:00Z,oddschecker-best,21.0,,
C. Pring,Bristol City,start,true,2026-08-22T14:30:00Z,oddschecker-best,23.0,,
G. Tanner,Bristol City,start,true,2026-08-22T14:30:00Z,oddschecker-best,31.0,,
M. Ivanovic,Millwall,start,true,2026-08-22T14:30:00Z,oddschecker-best,3.2,,
J. Coburn,Millwall,start,true,2026-08-22T14:30:00Z,oddschecker-best,3.25,,
J. Makama,Norwich City,start,true,2026-08-22T14:30:00Z,oddschecker-best,3.25,,
A. Matthews,Millwall,start,true,2026-08-22T14:30:00Z,oddschecker-best,3.4,,
E. Mundle-Smith,Norwich City,start,true,2026-08-22T14:30:00Z,oddschecker-best,3.6,,
L. Dykes,Millwall,start,true,2026-08-22T14:30:00Z,oddschecker-best,4.0,,
M. Kvistgaarden,Norwich City,start,true,2026-08-22T14:30:00Z,oddschecker-best,4.0,,
K. Lisbie,Millwall,start,true,2026-08-22T14:30:00Z,oddschecker-best,4.33,,
F. Azeez,Millwall,start,true,2026-08-22T14:30:00Z,oddschecker-best,4.33,,
Z. Lovelace,Millwall,start,true,2026-08-22T14:30:00Z,oddschecker-best,4.33,,
T. Arconte,Millwall,start,true,2026-08-22T14:30:00Z,oddschecker-best,4.4,,
M. Servais,Millwall,start,true,2026-08-22T14:30:00Z,oddschecker-best,4.5,,
A. Forson,Norwich City,start,true,2026-08-22T14:30:00Z,oddschecker-best,5.25,,
A. Ahmed,Norwich City,start,true,2026-08-22T14:30:00Z,oddschecker-best,5.5,,
E. Myles,Norwich City,start,true,2026-08-22T14:30:00Z,oddschecker-best,5.5,,
A. Brooks,Norwich City,start,true,2026-08-22T14:30:00Z,oddschecker-best,5.8,,
C. Neghli,Millwall,start,true,2026-08-22T14:30:00Z,oddschecker-best,6.0,,
P. Diallo,Norwich City,start,true,2026-08-22T14:30:00Z,oddschecker-best,6.0,,
A. Ben Slimane,Norwich City,start,true,2026-08-22T14:30:00Z,oddschecker-best,6.0,,
M. Sykes,Millwall,start,true,2026-08-22T14:30:00Z,oddschecker-best,6.5,,
P. Maghoma,Norwich City,start,true,2026-08-22T14:30:00Z,oddschecker-best,6.5,,
R. Bangura-Williams,Millwall,start,true,2026-08-22T14:30:00Z,oddschecker-best,6.75,,
O. Schwartau,Norwich City,start,true,2026-08-22T14:30:00Z,oddschecker-best,7.0,,
L. Gibbs,Norwich City,start,true,2026-08-22T14:30:00Z,oddschecker-best,8.0,,
D. Mazou-Sacko,Millwall,start,true,2026-08-22T14:30:00Z,oddschecker-best,8.0,,
L. Cundle,Millwall,start,true,2026-08-22T14:30:00Z,oddschecker-best,9.0,,
J. Metcalfe,Millwall,start,true,2026-08-22T14:30:00Z,oddschecker-best,9.0,,
J. Wright,Norwich City,start,true,2026-08-22T14:30:00Z,oddschecker-best,9.5,,
J. Cooper,Millwall,start,true,2026-08-22T14:30:00Z,oddschecker-best,9.5,,
P. Mattsson,Norwich City,start,true,2026-08-22T14:30:00Z,oddschecker-best,10.0,,
A. Doughty,Millwall,start,true,2026-08-22T14:30:00Z,oddschecker-best,10.0,,
T. Crama,Millwall,start,true,2026-08-22T14:30:00Z,oddschecker-best,11.5,,
S. Field,Norwich City,start,true,2026-08-22T14:30:00Z,oddschecker-best,11.5,,
K. McLean,Norwich City,start,true,2026-08-22T14:30:00Z,oddschecker-best,11.5,,
C. De Norre,Millwall,start,true,2026-08-22T14:30:00Z,oddschecker-best,13.0,,
J. Medic,Norwich City,start,true,2026-08-22T14:30:00Z,oddschecker-best,13.0,,
K. Moore,Wrexham,start,true,2026-08-22T14:30:00Z,oddschecker-best,2.75,,
S. Smith,Wrexham,start,true,2026-08-22T14:30:00Z,oddschecker-best,3.0,,
J. Windass,Wrexham,start,true,2026-08-22T14:30:00Z,oddschecker-best,3.4,,
B. Cadamarteri,Wrexham,start,true,2026-08-22T14:30:00Z,oddschecker-best,3.5,,
D. Keillor-Dunn,Wrexham,start,true,2026-08-22T14:30:00Z,oddschecker-best,3.5,,
E. Lee,Wrexham,start,true,2026-08-22T14:30:00Z,oddschecker-best,3.6,,
L. Kjerrumgaard,Watford,start,true,2026-08-22T14:30:00Z,oddschecker-best,3.8,,
N. Broadhead,Wrexham,start,true,2026-08-22T14:30:00Z,oddschecker-best,4.1,,
H. Ashfield,Wrexham,start,true,2026-08-22T14:30:00Z,oddschecker-best,4.33,,
O. Rathbone,Wrexham,start,true,2026-08-22T14:30:00Z,oddschecker-best,4.33,,
I. Bravo,Watford,start,true,2026-08-22T14:30:00Z,oddschecker-best,5.0,,
M. Doumbia,Watford,start,true,2026-08-22T14:30:00Z,oddschecker-best,5.75,,
A. Moore,Wrexham,start,true,2026-08-22T14:30:00Z,oddschecker-best,6.0,,
I. Louza,Watford,start,true,2026-08-22T14:30:00Z,oddschecker-best,6.0,,
A. Nabizada,Watford,start,true,2026-08-22T14:30:00Z,oddschecker-best,6.0,,
R. Vata,Watford,start,true,2026-08-22T14:30:00Z,oddschecker-best,6.0,,
O. Maamma,Watford,start,true,2026-08-22T14:30:00Z,oddschecker-best,6.5,,
R. Barnett,Wrexham,start,true,2026-08-22T14:30:00Z,oddschecker-best,7.0,,
E. Kayembe,Watford,start,true,2026-08-22T14:30:00Z,oddschecker-best,7.0,,
R. Longman,Wrexham,start,true,2026-08-22T14:30:00Z,oddschecker-best,7.0,,
K. Baah,Watford,start,true,2026-08-22T14:30:00Z,oddschecker-best,7.0,,
G. Thomason,Wrexham,start,true,2026-08-22T14:30:00Z,oddschecker-best,9.0,,
M. Payero,Watford,start,true,2026-08-22T14:30:00Z,oddschecker-best,9.5,,
L. Cacace,Wrexham,start,true,2026-08-22T14:30:00Z,oddschecker-best,9.5,,
M. James,Wrexham,start,true,2026-08-22T14:30:00Z,oddschecker-best,10.0,,
B. Sheaf,Wrexham,start,true,2026-08-22T14:30:00Z,oddschecker-best,10.0,,
D. Imray,Wrexham,start,true,2026-08-22T14:30:00Z,oddschecker-best,10.0,,
M. Cleworth,Wrexham,start,true,2026-08-22T14:30:00Z,oddschecker-best,10.0,,
B. Whiteman,Wrexham,start,true,2026-08-22T14:30:00Z,oddschecker-best,10.0,,
E. Bove,Watford,start,true,2026-08-22T14:30:00Z,oddschecker-best,10.5,,
A. James,Wrexham,start,true,2026-08-22T14:30:00Z,oddschecker-best,11.0,,
J. Ngakia,Watford,start,true,2026-08-22T14:30:00Z,oddschecker-best,11.0,,
C. Doyle,Wrexham,start,true,2026-08-22T14:30:00Z,oddschecker-best,12.0,,
G. Dobson,Wrexham,start,true,2026-08-22T14:30:00Z,oddschecker-best,12.0,,
D. Scarr,Wrexham,start,true,2026-08-22T14:30:00Z,oddschecker-best,13.0,,
C. Coady,Wrexham,start,true,2026-08-22T14:30:00Z,oddschecker-best,13.0,,
M. Bola,Watford,start,true,2026-08-22T14:30:00Z,oddschecker-best,13.0,,
T. Conway,Middlesbrough,start,true,2026-08-22T14:30:00Z,oddschecker-best,2.7,,
W. Lankshear,Middlesbrough,start,true,2026-08-22T14:30:00Z,oddschecker-best,2.8,,
M. Whittaker,Middlesbrough,start,true,2026-08-22T14:30:00Z,oddschecker-best,3.5,,
D. Strelec,Middlesbrough,start,true,2026-08-22T14:30:00Z,oddschecker-best,3.7,,
C. Ibeh,Middlesbrough,start,true,2026-08-22T14:30:00Z,oddschecker-best,3.75,,
S. Hansen,Middlesbrough,start,true,2026-08-22T14:30:00Z,oddschecker-best,5.0,,
M. Peart-Harris,Middlesbrough,start,true,2026-08-22T14:30:00Z,oddschecker-best,5.0,,
J. Sarmiento,Middlesbrough,start,true,2026-08-22T14:30:00Z,oddschecker-best,5.0,,
L. Castledine,Middlesbrough,start,true,2026-08-22T14:30:00Z,oddschecker-best,5.1,,
R. McGree,Middlesbrough,start,true,2026-08-22T14:30:00Z,oddschecker-best,5.4,,
L. McCabe,Middlesbrough,start,true,2026-08-22T14:30:00Z,oddschecker-best,6.25,,
M. Arfsten,Middlesbrough,start,true,2026-08-22T14:30:00Z,oddschecker-best,6.5,,
S. Berhalter,Middlesbrough,start,true,2026-08-22T14:30:00Z,oddschecker-best,7.5,,
F. Cartwright,Middlesbrough,start,true,2026-08-22T14:30:00Z,oddschecker-best,8.0,,
J. Dede,Middlesbrough,start,true,2026-08-22T14:30:00Z,oddschecker-best,8.0,,
A. Morris,Middlesbrough,start,true,2026-08-22T14:30:00Z,oddschecker-best,10.0,,
C. Brittain,Middlesbrough,start,true,2026-08-22T14:30:00Z,oddschecker-best,13.0,,
A. Jones,Middlesbrough,start,true,2026-08-22T14:30:00Z,oddschecker-best,13.0,,
Z. Vipotnik,Swansea City,start,true,2026-08-22T14:30:00Z,oddschecker-best,2.63,,
B. Wales,Swansea City,start,true,2026-08-22T14:30:00Z,oddschecker-best,2.9,,
P. Bamford,Sheffield United,start,true,2026-08-22T14:30:00Z,oddschecker-best,3.4,,
A. Idah,Swansea City,start,true,2026-08-22T14:30:00Z,oddschecker-best,3.5,,
R. Stewart,Swansea City,start,true,2026-08-22T14:30:00Z,oddschecker-best,4.0,,
J. Opoku,Swansea City,start,true,2026-08-22T14:30:00Z,oddschecker-best,4.5,,
E. Just,Swansea City,start,true,2026-08-22T14:30:00Z,oddschecker-best,4.6,,
Z. Inoussa,Swansea City,start,true,2026-08-22T14:30:00Z,oddschecker-best,4.75,,
T. Cannon,Sheffield United,start,true,2026-08-22T14:30:00Z,oddschecker-best,4.8,,
R. Donovan,Sheffield United,start,true,2026-08-22T14:30:00Z,oddschecker-best,5.0,,
M. Yeo,Swansea City,start,true,2026-08-22T14:30:00Z,oddschecker-best,5.0,,
F. Bianchini,Swansea City,start,true,2026-08-22T14:30:00Z,oddschecker-best,5.5,,
L. Walta,Swansea City,start,true,2026-08-22T14:30:00Z,oddschecker-best,5.5,,
B. Lloyd,Swansea City,start,true,2026-08-22T14:30:00Z,oddschecker-best,6.5,,
M. Widell,Swansea City,start,true,2026-08-22T14:30:00Z,oddschecker-best,6.5,,
T. Chong,Sheffield United,start,true,2026-08-22T14:30:00Z,oddschecker-best,6.75,,
S. Peck,Sheffield United,start,true,2026-08-22T14:30:00Z,oddschecker-best,7.0,,
M. Stamenic,Swansea City,start,true,2026-08-22T14:30:00Z,oddschecker-best,8.5,,
H. Burrows,Sheffield United,start,true,2026-08-22T14:30:00Z,oddschecker-best,8.5,,
G. Franco,Swansea City,start,true,2026-08-22T14:30:00Z,oddschecker-best,8.5,,
O. Arblaster,Sheffield United,start,true,2026-08-22T14:30:00Z,oddschecker-best,10.0,,
J. Key,Swansea City,start,true,2026-08-22T14:30:00Z,oddschecker-best,12.0,,
J. Fulton,Swansea City,start,true,2026-08-22T14:30:00Z,oddschecker-best,12.0,,
J. Riedewald,Sheffield United,start,true,2026-08-22T14:30:00Z,oddschecker-best,13.0,,
J. Rothwell,Sheffield United,start,true,2026-08-22T14:30:00Z,oddschecker-best,13.0,,
C. Burgess,Swansea City,start,true,2026-08-22T14:30:00Z,oddschecker-best,13.0,,
V. Castellanos,West Ham United,start,true,2026-08-22T14:30:00Z,oddschecker-best,2.3,,
J. Bowen,West Ham United,start,true,2026-08-22T14:30:00Z,oddschecker-best,2.45,,
J. Ajala,West Ham United,start,true,2026-08-22T14:30:00Z,oddschecker-best,2.75,,
K. Lamadrid,West Ham United,start,true,2026-08-22T14:30:00Z,oddschecker-best,3.4,,
G. Earthy,West Ham United,start,true,2026-08-22T14:30:00Z,oddschecker-best,4.5,,
L. Orford,West Ham United,start,true,2026-08-22T14:30:00Z,oddschecker-best,5.25,,
D. Kanu,Charlton Athletic,start,true,2026-08-22T14:30:00Z,oddschecker-best,5.5,,
J. Ward-Prowse,West Ham United,start,true,2026-08-22T14:30:00Z,oddschecker-best,5.8,,
T. Campbell,Charlton Athletic,start,true,2026-08-22T14:30:00Z,oddschecker-best,6.5,,
C. Kelman,Charlton Athletic,start,true,2026-08-22T14:30:00Z,oddschecker-best,6.5,,
M. Leaburn,Charlton Athletic,start,true,2026-08-22T14:30:00Z,oddschecker-best,6.5,,
S. Carey,Charlton Athletic,start,true,2026-08-22T14:30:00Z,oddschecker-best,7.0,,
M. Alli,Charlton Athletic,start,true,2026-08-22T14:30:00Z,oddschecker-best,8.0,,
K. Mavropanos,West Ham United,start,true,2026-08-22T14:30:00Z,oddschecker-best,8.0,,
H. Knibbs,Charlton Athletic,start,true,2026-08-22T14:30:00Z,oddschecker-best,9.0,,
S. Magassa,West Ham United,start,true,2026-08-22T14:30:00Z,oddschecker-best,9.5,,
R. Apter,Charlton Athletic,start,true,2026-08-22T14:30:00Z,oddschecker-best,9.5,,
A. Wan-Bissaka,West Ham United,start,true,2026-08-22T14:30:00Z,oddschecker-best,10.0,,
G. Docherty,Charlton Athletic,start,true,2026-08-22T14:30:00Z,oddschecker-best,10.0,,
J. Todibo,West Ham United,start,true,2026-08-22T14:30:00Z,oddschecker-best,12.0,,
K. Casey,West Ham United,start,true,2026-08-22T14:30:00Z,oddschecker-best,12.0,,
J. Veltman,West Ham United,start,true,2026-08-22T14:30:00Z,oddschecker-best,13.0,,
E. Hadji Malick Diouf,West Ham United,start,true,2026-08-22T14:30:00Z,oddschecker-best,13.0,,
J. Rankin-Costello,Charlton Athletic,start,true,2026-08-22T14:30:00Z,oddschecker-best,13.0,,
C. Larin,Southampton,start,true,2026-08-22T14:30:00Z,oddschecker-best,2.65,,
D. Downs,Southampton,start,true,2026-08-22T14:30:00Z,oddschecker-best,2.9,,
F. Azaz,Southampton,start,true,2026-08-22T14:30:00Z,oddschecker-best,3.1,,
C. Archer,Southampton,start,true,2026-08-22T14:30:00Z,oddschecker-best,3.2,,
L. Dobbin,Southampton,start,true,2026-08-22T14:30:00Z,oddschecker-best,3.3,,
L. Scienza,Southampton,start,true,2026-08-22T14:30:00Z,oddschecker-best,3.3,,
S. Edozie,Southampton,start,true,2026-08-22T14:30:00Z,oddschecker-best,4.2,,
K. Matsuki,Southampton,start,true,2026-08-22T14:30:00Z,oddschecker-best,4.4,,
S. Gallagher,Stoke City,start,true,2026-08-22T14:30:00Z,oddschecker-best,4.5,,
M. Manhoef,Stoke City,start,true,2026-08-22T14:30:00Z,oddschecker-best,5.5,,
S. Thomas,Stoke City,start,true,2026-08-22T14:30:00Z,oddschecker-best,5.6,,
T. Fellows,Southampton,start,true,2026-08-22T14:30:00Z,oddschecker-best,5.8,,
A. Ampah,Stoke City,start,true,2026-08-22T14:30:00Z,oddschecker-best,6.25,,
C. Jander,Southampton,start,true,2026-08-22T14:30:00Z,oddschecker-best,6.5,,
R. Manning,Southampton,start,true,2026-08-22T14:30:00Z,oddschecker-best,7.5,,
T. Harwood-Bellis,Southampton,start,true,2026-08-22T14:30:00Z,oddschecker-best,8.5,,
T. Rigo,Stoke City,start,true,2026-08-22T14:30:00Z,oddschecker-best,8.5,,
C. Bragg,Southampton,start,true,2026-08-22T14:30:00Z,oddschecker-best,9.0,,
Y. Sugawara,Southampton,start,true,2026-08-22T14:30:00Z,oddschecker-best,9.0,,
F. Downes,Southampton,start,true,2026-08-22T14:30:00Z,oddschecker-best,9.0,,
J. Bree,Southampton,start,true,2026-08-22T14:30:00Z,oddschecker-best,9.5,,
Welington,Southampton,start,true,2026-08-22T14:30:00Z,oddschecker-best,10.0,,
E. Galbraith,Stoke City,start,true,2026-08-22T14:30:00Z,oddschecker-best,13.0,,
J. Stephens,Southampton,start,true,2026-08-22T14:30:00Z,oddschecker-best,13.0,,
R. Burrell,Queens Park Rangers,start,true,2026-08-22T14:30:00Z,oddschecker-best,3.1,,
R. Kone,Queens Park Rangers,start,true,2026-08-22T14:30:00Z,oddschecker-best,3.1,,
A. Lloyd,Queens Park Rangers,start,true,2026-08-22T14:30:00Z,oddschecker-best,3.5,,
J. Obikwu,Queens Park Rangers,start,true,2026-08-22T14:30:00Z,oddschecker-best,3.5,,
R. Kolli,Queens Park Rangers,start,true,2026-08-22T14:30:00Z,oddschecker-best,3.7,,
I. Chair,Queens Park Rangers,start,true,2026-08-22T14:30:00Z,oddschecker-best,4.0,,
P. Smyth,Queens Park Rangers,start,true,2026-08-22T14:30:00Z,oddschecker-best,4.8,,
K. Poku,Queens Park Rangers,start,true,2026-08-22T14:30:00Z,oddschecker-best,5.0,,
H. Vale,Queens Park Rangers,start,true,2026-08-22T14:30:00Z,oddschecker-best,5.5,,
K. Saito,Queens Park Rangers,start,true,2026-08-22T14:30:00Z,oddschecker-best,5.5,,
N. Madsen,Queens Park Rangers,start,true,2026-08-22T14:30:00Z,oddschecker-best,6.5,,
K. Morgan,Queens Park Rangers,start,true,2026-08-22T14:30:00Z,oddschecker-best,10.0,,
G. Kamara,Queens Park Rangers,start,true,2026-08-22T14:30:00Z,oddschecker-best,10.0,,
J. Varane,Queens Park Rangers,start,true,2026-08-22T14:30:00Z,oddschecker-best,10.0,,
B. Kemper,Queens Park Rangers,start,true,2026-08-22T14:30:00Z,oddschecker-best,12.0,,
K. Adamson,Queens Park Rangers,start,true,2026-08-22T14:30:00Z,oddschecker-best,13.0,,
R. Edwards,Queens Park Rangers,start,true,2026-08-22T14:30:00Z,oddschecker-best,13.0,,
C. Morris,Derby County,start,true,2026-08-22T14:30:00Z,oddschecker-best,2.8,,
F. Bilbija,Derby County,start,true,2026-08-22T14:30:00Z,oddschecker-best,3.3,,
L. Salvesen,Derby County,start,true,2026-08-22T14:30:00Z,oddschecker-best,3.5,,
Y. Salech,Cardiff City,start,true,2026-08-22T14:30:00Z,oddschecker-best,3.8,,
K. Etete,Cardiff City,start,true,2026-08-22T14:30:00Z,oddschecker-best,4.0,,
S. Szmodics,Derby County,start,true,2026-08-22T14:30:00Z,oddschecker-best,4.2,,
C. Robinson,Cardiff City,start,true,2026-08-22T14:30:00Z,oddschecker-best,4.6,,
R. Colwill,Cardiff City,start,true,2026-08-22T14:30:00Z,oddschecker-best,5.5,,
C. Willock,Cardiff City,start,true,2026-08-22T14:30:00Z,oddschecker-best,5.75,,
I. Davies,Cardiff City,start,true,2026-08-22T14:30:00Z,oddschecker-best,6.0,,
C. Ashford,Cardiff City,start,true,2026-08-22T14:30:00Z,oddschecker-best,6.0,,
B. Clark,Derby County,start,true,2026-08-22T14:30:00Z,oddschecker-best,6.5,,
O. Eames,Derby County,start,true,2026-08-22T14:30:00Z,oddschecker-best,6.5,,
T. Nyakuhwa,Cardiff City,start,true,2026-08-22T14:30:00Z,oddschecker-best,7.0,,
J. Moylan,Cardiff City,start,true,2026-08-22T14:30:00Z,oddschecker-best,7.0,,
O. Tanner,Cardiff City,start,true,2026-08-22T14:30:00Z,oddschecker-best,7.5,,
D. Turnbull,Cardiff City,start,true,2026-08-22T14:30:00Z,oddschecker-best,7.5,,
O. Fraulo,Derby County,start,true,2026-08-22T14:30:00Z,oddschecker-best,8.0,,
J. Colwill,Cardiff City,start,true,2026-08-22T14:30:00Z,oddschecker-best,8.0,,
A. Robertson,Cardiff City,start,true,2026-08-22T14:30:00Z,oddschecker-best,9.5,,
L. Travis,Derby County,start,true,2026-08-22T14:30:00Z,oddschecker-best,11.0,,
C. Forsyth,Derby County,start,true,2026-08-22T14:30:00Z,oddschecker-best,11.0,,
M. Clarke,Derby County,start,true,2026-08-22T14:30:00Z,oddschecker-best,11.0,,
P. Ng,Cardiff City,start,true,2026-08-22T14:30:00Z,oddschecker-best,13.0,,
Z. Flemming,Burnley,start,true,2026-08-22T14:30:00Z,oddschecker-best,3.01,,
J. Morgan,West Bromwich Albion,start,true,2026-08-22T14:30:00Z,oddschecker-best,3.5,,
B. Stewart,West Bromwich Albion,start,true,2026-08-22T14:30:00Z,oddschecker-best,3.5,,
A. Barnes,Burnley,start,true,2026-08-22T14:30:00Z,oddschecker-best,3.6,,
A. Hountondji,Burnley,start,true,2026-08-22T14:30:00Z,oddschecker-best,3.84,,
Z. Amdouni,Burnley,start,true,2026-08-22T14:30:00Z,oddschecker-best,4.0,,
A. Broja,Burnley,start,true,2026-08-22T14:30:00Z,oddschecker-best,4.3,,
T. Bany,West Bromwich Albion,start,true,2026-08-22T14:30:00Z,oddschecker-best,4.33,,
L. Foster,Burnley,start,true,2026-08-22T14:30:00Z,oddschecker-best,4.5,,
I. Price,West Bromwich Albion,start,true,2026-08-22T14:30:00Z,oddschecker-best,5.0,,
J. Banel,Burnley,start,true,2026-08-22T14:30:00Z,oddschecker-best,5.5,,
M. Edwards,Burnley,start,true,2026-08-22T14:30:00Z,oddschecker-best,5.75,,
J. Bruun Larsen,Burnley,start,true,2026-08-22T14:30:00Z,oddschecker-best,6.0,,
A. Ramsey,Burnley,start,true,2026-08-22T14:30:00Z,oddschecker-best,6.0,,
L. Castell,Burnley,start,true,2026-08-22T14:30:00Z,oddschecker-best,6.0,,
F. Myhre,West Bromwich Albion,start,true,2026-08-22T14:30:00Z,oddschecker-best,7.5,,
H. Mejbri,Burnley,start,true,2026-08-22T14:30:00Z,oddschecker-best,8.0,,
J. Molumby,West Bromwich Albion,start,true,2026-08-22T14:30:00Z,oddschecker-best,9.5,,
J. Laurent,Burnley,start,true,2026-08-22T14:30:00Z,oddschecker-best,9.82,,
G. Campbell,West Bromwich Albion,start,true,2026-08-22T14:30:00Z,oddschecker-best,11.8,,
N. Phillips,West Bromwich Albion,start,true,2026-08-22T14:30:00Z,oddschecker-best,12.5,,
U. Raghouber,Burnley,start,true,2026-08-22T14:30:00Z,oddschecker-best,13.0,,
A. May,Doncaster Rovers,start,true,2026-08-22T14:30:00Z,oddschecker-best,2.45,,
F. Okoronkwo,Doncaster Rovers,start,true,2026-08-22T14:30:00Z,oddschecker-best,2.75,,
B. Hanlan,Doncaster Rovers,start,true,2026-08-22T14:30:00Z,oddschecker-best,3.1,,
I. Hutchinson,Doncaster Rovers,start,true,2026-08-22T14:30:00Z,oddschecker-best,3.6,,
H. Adelakun,Doncaster Rovers,start,true,2026-08-22T14:30:00Z,oddschecker-best,4.0,,
O. Bailey,Doncaster Rovers,start,true,2026-08-22T14:30:00Z,oddschecker-best,4.0,,
J. Thomas,Doncaster Rovers,start,true,2026-08-22T14:30:00Z,oddschecker-best,4.0,,
R. Cleary,Barnsley,start,true,2026-08-22T14:30:00Z,oddschecker-best,4.5,,
M. Kirk,Barnsley,start,true,2026-08-22T14:30:00Z,oddschecker-best,4.75,,
L. Ayinde,Doncaster Rovers,start,true,2026-08-22T14:30:00Z,oddschecker-best,5.0,,
H. Clifton,Doncaster Rovers,start,true,2026-08-22T14:30:00Z,oddschecker-best,5.5,,
A. Richards,Barnsley,start,true,2026-08-22T14:30:00Z,oddschecker-best,6.0,,
C. McGeehan,Barnsley,start,true,2026-08-22T14:30:00Z,oddschecker-best,6.0,,
G. Broadbent,Doncaster Rovers,start,true,2026-08-22T14:30:00Z,oddschecker-best,8.0,,
P. Kelly,Barnsley,start,true,2026-08-22T14:30:00Z,oddschecker-best,8.0,,
K. Nwakali,Barnsley,start,true,2026-08-22T14:30:00Z,oddschecker-best,8.5,,
L. Connell,Barnsley,start,true,2026-08-22T14:30:00Z,oddschecker-best,10.5,,
D. Robinson,Doncaster Rovers,start,true,2026-08-22T14:30:00Z,oddschecker-best,12.0,,
T. Noslin,Barnsley,start,true,2026-08-22T14:30:00Z,oddschecker-best,12.0,,
G. Gent,Barnsley,start,true,2026-08-22T14:30:00Z,oddschecker-best,13.0,,
J. Sterry,Doncaster Rovers,start,true,2026-08-22T14:30:00Z,oddschecker-best,13.0,,
D. Cole,Luton Town,start,true,2026-08-22T14:30:00Z,oddschecker-best,2.63,,
J. Yates,Luton Town,start,true,2026-08-22T14:30:00Z,oddschecker-best,2.8,,
N. Wells,Luton Town,start,true,2026-08-22T14:30:00Z,oddschecker-best,2.85,,
C. Marshall,Luton Town,start,true,2026-08-22T14:30:00Z,oddschecker-best,3.1,,
G. Kodua,Luton Town,start,true,2026-08-22T14:30:00Z,oddschecker-best,3.75,,
J. Luker,Luton Town,start,true,2026-08-22T14:30:00Z,oddschecker-best,3.75,,
S. Morris,Luton Town,start,true,2026-08-22T14:30:00Z,oddschecker-best,3.9,,
J. Clark,Luton Town,start,true,2026-08-22T14:30:00Z,oddschecker-best,4.0,,
L. Smyth,Notts County,start,true,2026-08-22T14:30:00Z,oddschecker-best,4.33,,
K. Palmer,Luton Town,start,true,2026-08-22T14:30:00Z,oddschecker-best,4.4,,
J. Richards,Luton Town,start,true,2026-08-22T14:30:00Z,oddschecker-best,4.9,,
L. Ndlovu,Notts County,start,true,2026-08-22T14:30:00Z,oddschecker-best,5.0,,
E. Acquah,Notts County,start,true,2026-08-22T14:30:00Z,oddschecker-best,5.0,,
G. Saville,Luton Town,start,true,2026-08-22T14:30:00Z,oddschecker-best,6.0,,
S. Baptiste,Luton Town,start,true,2026-08-22T14:30:00Z,oddschecker-best,6.0,,
C. Roberts,Notts County,start,true,2026-08-22T14:30:00Z,oddschecker-best,6.0,,
S. Sandal,Luton Town,start,true,2026-08-22T14:30:00Z,oddschecker-best,6.0,,
I. Jones,Luton Town,start,true,2026-08-22T14:30:00Z,oddschecker-best,6.0,,
I. Jones,Luton Town,start,true,2026-08-22T14:30:00Z,oddschecker-best,7.5,,
O. Cooper,Notts County,start,true,2026-08-22T14:30:00Z,oddschecker-best,8.0,,
M. Kouhyar,Notts County,start,true,2026-08-22T14:30:00Z,oddschecker-best,8.5,,
T. Mengi,Luton Town,start,true,2026-08-22T14:30:00Z,oddschecker-best,9.0,,
R. Walters,Luton Town,start,true,2026-08-22T14:30:00Z,oddschecker-best,9.5,,
L. Walsh,Luton Town,start,true,2026-08-22T14:30:00Z,oddschecker-best,10.0,,
D. Lipsiuc,Notts County,start,true,2026-08-22T14:30:00Z,oddschecker-best,10.0,,
H. Ashby,Luton Town,start,true,2026-08-22T14:30:00Z,oddschecker-best,11.0,,
J. Evans,Notts County,start,true,2026-08-22T14:30:00Z,oddschecker-best,12.0,,
M. Andersen,Luton Town,start,true,2026-08-22T14:30:00Z,oddschecker-best,13.0,,
K. Naismith,Luton Town,start,true,2026-08-22T14:30:00Z,oddschecker-best,13.0,,
J. Johnson,Luton Town,start,true,2026-08-22T14:30:00Z,oddschecker-best,13.0,,
J. Marriott,Reading,start,true,2026-08-22T14:30:00Z,oddschecker-best,3.0,,
J. Stockley,AFC Wimbledon,start,true,2026-08-22T14:30:00Z,oddschecker-best,3.75,,
A. Hackford,AFC Wimbledon,start,true,2026-08-22T14:30:00Z,oddschecker-best,4.0,,
A. Sasu,AFC Wimbledon,start,true,2026-08-22T14:30:00Z,oddschecker-best,4.33,,
J. Brown,Reading,start,true,2026-08-22T14:30:00Z,oddschecker-best,4.5,,
M. Browne,AFC Wimbledon,start,true,2026-08-22T14:30:00Z,oddschecker-best,4.5,,
K. Lisbie,Reading,start,true,2026-08-22T14:30:00Z,oddschecker-best,4.5,,
J. Stokes,Reading,start,true,2026-08-22T14:30:00Z,oddschecker-best,5.0,,
D. Kyerewaa,Reading,start,true,2026-08-22T14:30:00Z,oddschecker-best,6.0,,
P. Lane,Reading,start,true,2026-08-22T14:30:00Z,oddschecker-best,6.0,,
J. Nkeng,AFC Wimbledon,start,true,2026-08-22T14:30:00Z,oddschecker-best,6.0,,
L. Wing,Reading,start,true,2026-08-22T14:30:00Z,oddschecker-best,6.5,,
M. Hippolyte,AFC Wimbledon,start,true,2026-08-22T14:30:00Z,oddschecker-best,7.0,,
C. Savage,Reading,start,true,2026-08-22T14:30:00Z,oddschecker-best,7.5,,
J. Tilley,AFC Wimbledon,start,true,2026-08-22T14:30:00Z,oddschecker-best,7.5,,
C. Maycock,AFC Wimbledon,start,true,2026-08-22T14:30:00Z,oddschecker-best,8.0,,
Z. Nelson,AFC Wimbledon,start,true,2026-08-22T14:30:00Z,oddschecker-best,8.5,,
J. Reeves,AFC Wimbledon,start,true,2026-08-22T14:30:00Z,oddschecker-best,9.0,,
A. Smith,AFC Wimbledon,start,true,2026-08-22T14:30:00Z,oddschecker-best,9.5,,
L. Fraser,Reading,start,true,2026-08-22T14:30:00Z,oddschecker-best,10.0,,
R. Williams,Reading,start,true,2026-08-22T14:30:00Z,oddschecker-best,10.0,,
S. Seddon,AFC Wimbledon,start,true,2026-08-22T14:30:00Z,oddschecker-best,11.0,,
D. McCoy-Splatt,AFC Wimbledon,start,true,2026-08-22T14:30:00Z,oddschecker-best,13.0,,
O. Harrison,AFC Wimbledon,start,true,2026-08-22T14:30:00Z,oddschecker-best,13.0,,
R. Johnson,AFC Wimbledon,start,true,2026-08-22T14:30:00Z,oddschecker-best,13.0,,
D. Sweeney,AFC Wimbledon,start,true,2026-08-22T14:30:00Z,oddschecker-best,13.0,,
M. Cheek,Bromley,start,true,2026-08-22T14:30:00Z,oddschecker-best,2.88,,
N. Kabamba,Bromley,start,true,2026-08-22T14:30:00Z,oddschecker-best,3.0,,
S. Lavery,Cambridge United,start,true,2026-08-22T14:30:00Z,oddschecker-best,4.0,,
V. Adeboyejo,Bromley,start,true,2026-08-22T14:30:00Z,oddschecker-best,4.0,,
S. Kader,Bromley,start,true,2026-08-22T14:30:00Z,oddschecker-best,4.0,,
R. Loft,Cambridge United,start,true,2026-08-22T14:30:00Z,oddschecker-best,4.1,,
B. Knight,Cambridge United,start,true,2026-08-22T14:30:00Z,oddschecker-best,4.33,,
G. Ahadme,Cambridge United,start,true,2026-08-22T14:30:00Z,oddschecker-best,4.6,,
C. Whitely,Bromley,start,true,2026-08-22T14:30:00Z,oddschecker-best,5.5,,
I. Heath,Cambridge United,start,true,2026-08-22T14:30:00Z,oddschecker-best,6.0,,
G. McConnell,Cambridge United,start,true,2026-08-22T14:30:00Z,oddschecker-best,6.0,,
B. Thompson,Bromley,start,true,2026-08-22T14:30:00Z,oddschecker-best,6.25,,
S. Kaikai,Cambridge United,start,true,2026-08-22T14:30:00Z,oddschecker-best,7.0,,
E. Archer,Bromley,start,true,2026-08-22T14:30:00Z,oddschecker-best,8.0,,
W. Hondermarck,Bromley,start,true,2026-08-22T14:30:00Z,oddschecker-best,8.5,,
M. Ifill,Bromley,start,true,2026-08-22T14:30:00Z,oddschecker-best,9.5,,
M. Pinnock,Bromley,start,true,2026-08-22T14:30:00Z,oddschecker-best,9.5,,
S. McLoughlin,Cambridge United,start,true,2026-08-22T14:30:00Z,oddschecker-best,9.5,,
P. Mpanzu,Cambridge United,start,true,2026-08-22T14:30:00Z,oddschecker-best,10.0,,
J. McKiernan,Bromley,start,true,2026-08-22T14:30:00Z,oddschecker-best,10.5,,
O. Sowunmi,Bromley,start,true,2026-08-22T14:30:00Z,oddschecker-best,12.5,,
L. Bennett,Cambridge United,start,true,2026-08-22T14:30:00Z,oddschecker-best,13.0,,
Z. Bradshaw,Cambridge United,start,true,2026-08-22T14:30:00Z,oddschecker-best,13.0,,
F. Taylor,Bromley,start,true,2026-08-22T14:30:00Z,oddschecker-best,13.0,,
P. Bauer,Cambridge United,start,true,2026-08-22T14:30:00Z,oddschecker-best,13.0,,
L. Cullen,Leicester City,start,true,2026-08-22T14:30:00Z,oddschecker-best,2.8,,
S. Mavididi,Leicester City,start,true,2026-08-22T14:30:00Z,oddschecker-best,3.1,,
B. De Cordova-Reid,Leicester City,start,true,2026-08-22T14:30:00Z,oddschecker-best,3.55,,
T. Watson,Leicester City,start,true,2026-08-22T14:30:00Z,oddschecker-best,3.75,,
W. Alves,Leicester City,start,true,2026-08-22T14:30:00Z,oddschecker-best,4.5,,
W. Burns,Leicester City,start,true,2026-08-22T14:30:00Z,oddschecker-best,4.6,,
M. Golding,Leicester City,start,true,2026-08-22T14:30:00Z,oddschecker-best,4.75,,
M. Dennis,Burton Albion,start,true,2026-08-22T14:30:00Z,oddschecker-best,4.75,,
M. Matthews-Lewis,Burton Albion,start,true,2026-08-22T14:30:00Z,oddschecker-best,5.0,,
T. Shade,Burton Albion,start,true,2026-08-22T14:30:00Z,oddschecker-best,5.0,,
L. Page,Leicester City,start,true,2026-08-22T14:30:00Z,oddschecker-best,5.0,,
K. Adom,Burton Albion,start,true,2026-08-22T14:30:00Z,oddschecker-best,5.0,,
Z. Scutt,Burton Albion,start,true,2026-08-22T14:30:00Z,oddschecker-best,5.5,,
M. Henry,Burton Albion,start,true,2026-08-22T14:30:00Z,oddschecker-best,7.0,,
S. Braybrooke,Leicester City,start,true,2026-08-22T14:30:00Z,oddschecker-best,7.5,,
J. Willow,Burton Albion,start,true,2026-08-22T14:30:00Z,oddschecker-best,8.0,,
S. Krubally,Burton Albion,start,true,2026-08-22T14:30:00Z,oddschecker-best,8.0,,
H. Souttar,Leicester City,start,true,2026-08-22T14:30:00Z,oddschecker-best,8.5,,
T. Kalinauskas,Burton Albion,start,true,2026-08-22T14:30:00Z,oddschecker-best,8.5,,
J. Joseph,Leicester City,start,true,2026-08-22T14:30:00Z,oddschecker-best,9.0,,
C. Gilbert,Burton Albion,start,true,2026-08-22T14:30:00Z,oddschecker-best,9.0,,
K. Lofthouse,Burton Albion,start,true,2026-08-22T14:30:00Z,oddschecker-best,9.5,,
H. Choudhury,Leicester City,start,true,2026-08-22T14:30:00Z,oddschecker-best,10.0,,
O. Skipp,Leicester City,start,true,2026-08-22T14:30:00Z,oddschecker-best,10.0,,
C. Okoli,Leicester City,start,true,2026-08-22T14:30:00Z,oddschecker-best,10.5,,
W. Faes,Leicester City,start,true,2026-08-22T14:30:00Z,oddschecker-best,12.0,,
G. Evans,Burton Albion,start,true,2026-08-22T14:30:00Z,oddschecker-best,12.0,,
A. Fletcher,Huddersfield Town,start,true,2026-08-22T14:30:00Z,oddschecker-best,3.1,,
S. Nombe,MK Dons,start,true,2026-08-22T14:30:00Z,oddschecker-best,3.5,,
J. Taylor,Huddersfield Town,start,true,2026-08-22T14:30:00Z,oddschecker-best,3.6,,
B. Radulovic,Huddersfield Town,start,true,2026-08-22T14:30:00Z,oddschecker-best,3.6,,
R. Hepburn-Murphy,MK Dons,start,true,2026-08-22T14:30:00Z,oddschecker-best,3.75,,
A. Collins,MK Dons,start,true,2026-08-22T14:30:00Z,oddschecker-best,3.75,,
C. Paterson,MK Dons,start,true,2026-08-22T14:30:00Z,oddschecker-best,4.3,,
D. Sanches Fernandes,Huddersfield Town,start,true,2026-08-22T14:30:00Z,oddschecker-best,5.0,,
M. Harness,Huddersfield Town,start,true,2026-08-22T14:30:00Z,oddschecker-best,5.0,,
B. Wiles,MK Dons,start,true,2026-08-22T14:30:00Z,oddschecker-best,5.5,,
S. Silvera,MK Dons,start,true,2026-08-22T14:30:00Z,oddschecker-best,6.0,,
A. Evans,Huddersfield Town,start,true,2026-08-22T14:30:00Z,oddschecker-best,6.4,,
M. McGuane,Huddersfield Town,start,true,2026-08-22T14:30:00Z,oddschecker-best,6.5,,
H. Kane,Huddersfield Town,start,true,2026-08-22T14:30:00Z,oddschecker-best,7.0,,
D. Crowley,MK Dons,start,true,2026-08-22T14:30:00Z,oddschecker-best,7.5,,
L. Gooch,Huddersfield Town,start,true,2026-08-22T14:30:00Z,oddschecker-best,8.0,,
B. Mumba,Huddersfield Town,start,true,2026-08-22T14:30:00Z,oddschecker-best,8.0,,
K. Wilson,MK Dons,start,true,2026-08-22T14:30:00Z,oddschecker-best,8.5,,
E. Brierley,Huddersfield Town,start,true,2026-08-22T14:30:00Z,oddschecker-best,8.5,,
T. Iorpenda,Huddersfield Town,start,true,2026-08-22T14:30:00Z,oddschecker-best,8.5,,
J. Matete,MK Dons,start,true,2026-08-22T14:30:00Z,oddschecker-best,9.5,,
R. Wintle,MK Dons,start,true,2026-08-22T14:30:00Z,oddschecker-best,9.5,,
D. Kasumu,Huddersfield Town,start,true,2026-08-22T14:30:00Z,oddschecker-best,10.0,,
R. Ledson,Huddersfield Town,start,true,2026-08-22T14:30:00Z,oddschecker-best,10.5,,
M. Ekpiteta,MK Dons,start,true,2026-08-22T14:30:00Z,oddschecker-best,11.5,,
D. Barlaser,MK Dons,start,true,2026-08-22T14:30:00Z,oddschecker-best,11.5,,
J. Low,Huddersfield Town,start,true,2026-08-22T14:30:00Z,oddschecker-best,12.0,,
I. Bronkhorst,Huddersfield Town,start,true,2026-08-22T14:30:00Z,oddschecker-best,13.0,,
G. Jones,MK Dons,start,true,2026-08-22T14:30:00Z,oddschecker-best,13.0,,
C. Nelson,MK Dons,start,true,2026-08-22T14:30:00Z,oddschecker-best,13.0,,
J. Sanders,MK Dons,start,true,2026-08-22T14:30:00Z,oddschecker-best,13.0,,
H. Leonard,Peterborough United,start,true,2026-08-22T14:30:00Z,oddschecker-best,2.75,,
D. McGoldrick,Mansfield Town,start,true,2026-08-22T14:30:00Z,oddschecker-best,2.88,,
R. Oates,Mansfield Town,start,true,2026-08-22T14:30:00Z,oddschecker-best,3.3,,
D. Kamara,Peterborough United,start,true,2026-08-22T14:30:00Z,oddschecker-best,3.6,,
M. Smith,Mansfield Town,start,true,2026-08-22T14:30:00Z,oddschecker-best,3.6,,
T. Roberts,Mansfield Town,start,true,2026-08-22T14:30:00Z,oddschecker-best,3.8,,
L. Akins,Mansfield Town,start,true,2026-08-22T14:30:00Z,oddschecker-best,4.75,,
C. Conn-Clarke,Peterborough United,start,true,2026-08-22T14:30:00Z,oddschecker-best,5.3,,
B. Shofowoke,Peterborough United,start,true,2026-08-22T14:30:00Z,oddschecker-best,5.5,,
G. Maris,Mansfield Town,start,true,2026-08-22T14:30:00Z,oddschecker-best,5.5,,
J. Russell,Mansfield Town,start,true,2026-08-22T14:30:00Z,oddschecker-best,6.0,,
O. Edwards,Peterborough United,start,true,2026-08-22T14:30:00Z,oddschecker-best,6.0,,
K. Lolos,Peterborough United,start,true,2026-08-22T14:30:00Z,oddschecker-best,6.0,,
J. Bowery,Mansfield Town,start,true,2026-08-22T14:30:00Z,oddschecker-best,6.0,,
J. Chambers,Mansfield Town,start,true,2026-08-22T14:30:00Z,oddschecker-best,6.0,,
B. Woods,Peterborough United,start,true,2026-08-22T14:30:00Z,oddschecker-best,6.0,,
B. Khela,Peterborough United,start,true,2026-08-22T14:30:00Z,oddschecker-best,6.5,,
H. Jones,Peterborough United,start,true,2026-08-22T14:30:00Z,oddschecker-best,7.0,,
N. Moriah-Welsh,Mansfield Town,start,true,2026-08-22T14:30:00Z,oddschecker-best,7.5,,
S. McLaughlin,Mansfield Town,start,true,2026-08-22T14:30:00Z,oddschecker-best,7.5,,
R. Hendry,Mansfield Town,start,true,2026-08-22T14:30:00Z,oddschecker-best,8.0,,
O. Taylor,Mansfield Town,start,true,2026-08-22T14:30:00Z,oddschecker-best,8.5,,
L. Thompson,Mansfield Town,start,true,2026-08-22T14:30:00Z,oddschecker-best,9.5,,
E. Weir,Peterborough United,start,true,2026-08-22T14:30:00Z,oddschecker-best,9.5,,
L. Reed,Mansfield Town,start,true,2026-08-22T14:30:00Z,oddschecker-best,10.0,,
S. Hughes,Peterborough United,start,true,2026-08-22T14:30:00Z,oddschecker-best,11.0,,
A. Oshilaja,Mansfield Town,start,true,2026-08-22T14:30:00Z,oddschecker-best,11.0,,
E. Hewitt,Mansfield Town,start,true,2026-08-22T14:30:00Z,oddschecker-best,12.0,,
R. Sweeney,Mansfield Town,start,true,2026-08-22T14:30:00Z,oddschecker-best,13.0,,
D. Okagbue,Peterborough United,start,true,2026-08-22T14:30:00Z,oddschecker-best,13.0,,
J. Reid,Stevenage,start,true,2026-08-22T14:30:00Z,oddschecker-best,3.1,,
J. Magennis,Stevenage,start,true,2026-08-22T14:30:00Z,oddschecker-best,3.75,,
S. Mills,Oxford United,start,true,2026-08-22T14:30:00Z,oddschecker-best,4.75,,
J. Malcolm,Stevenage,start,true,2026-08-22T14:30:00Z,oddschecker-best,4.75,,
C. Campbell,Stevenage,start,true,2026-08-22T14:30:00Z,oddschecker-best,5.0,,
M. Harris,Oxford United,start,true,2026-08-22T14:30:00Z,oddschecker-best,5.4,,
C. Brannagan,Oxford United,start,true,2026-08-22T14:30:00Z,oddschecker-best,5.5,,
D. Kemp,Stevenage,start,true,2026-08-22T14:30:00Z,oddschecker-best,5.5,,
M. Ferdinan,Oxford United,start,true,2026-08-22T14:30:00Z,oddschecker-best,5.5,,
A. Emakhu,Oxford United,start,true,2026-08-22T14:30:00Z,oddschecker-best,5.6,,
T. Goodrham,Oxford United,start,true,2026-08-22T14:30:00Z,oddschecker-best,6.0,,
P. Patterson,Stevenage,start,true,2026-08-22T14:30:00Z,oddschecker-best,6.0,,
B. De Keersmaecker,Oxford United,start,true,2026-08-22T14:30:00Z,oddschecker-best,7.0,,
J. Roberts,Stevenage,start,true,2026-08-22T14:30:00Z,oddschecker-best,7.5,,
L. Sibley,Oxford United,start,true,2026-08-22T14:30:00Z,oddschecker-best,8.5,,
D. Phillips,Stevenage,start,true,2026-08-22T14:30:00Z,oddschecker-best,9.5,,
J. McDonnell,Oxford United,start,true,2026-08-22T14:30:00Z,oddschecker-best,10.0,,
C. Piergianni,Stevenage,start,true,2026-08-22T14:30:00Z,oddschecker-best,11.0,,
L. Thompson,Stevenage,start,true,2026-08-22T14:30:00Z,oddschecker-best,11.5,,
M. Helik,Oxford United,start,true,2026-08-22T14:30:00Z,oddschecker-best,11.5,,
T. Taylor,Stevenage,start,true,2026-08-22T14:30:00Z,oddschecker-best,12.0,,
J. Houghton,Stevenage,start,true,2026-08-22T14:30:00Z,oddschecker-best,12.0,,
J. Knight,Stevenage,start,true,2026-08-22T14:30:00Z,oddschecker-best,12.0,,
C. Brown,Oxford United,start,true,2026-08-22T14:30:00Z,oddschecker-best,12.5,,
K. Wootton,Stockport County,start,true,2026-08-22T14:30:00Z,oddschecker-best,2.5,,
M. Mandron,Stockport County,start,true,2026-08-22T14:30:00Z,oddschecker-best,2.8,,
H. Wood,Stockport County,start,true,2026-08-22T14:30:00Z,oddschecker-best,3.0,,
M. Mothersille,Stockport County,start,true,2026-08-22T14:30:00Z,oddschecker-best,3.1,,
J. Diamond,Stockport County,start,true,2026-08-22T14:30:00Z,oddschecker-best,3.75,,
N. Ennis,Blackpool,start,true,2026-08-22T14:30:00Z,oddschecker-best,4.5,,
R. Glover,Stockport County,start,true,2026-08-22T14:30:00Z,oddschecker-best,4.5,,
N. Ennis,Blackpool,start,true,2026-08-22T14:30:00Z,oddschecker-best,4.75,,
J. Adigun,Stockport County,start,true,2026-08-22T14:30:00Z,oddschecker-best,5.0,,
L. Fiorini,Stockport County,start,true,2026-08-22T14:30:00Z,oddschecker-best,5.5,,
D. Taylor,Blackpool,start,true,2026-08-22T14:30:00Z,oddschecker-best,5.5,,
C. Gardner,Stockport County,start,true,2026-08-22T14:30:00Z,oddschecker-best,5.5,,
K. Kouassi,Blackpool,start,true,2026-08-22T14:30:00Z,oddschecker-best,5.5,,
O. Moxon,Stockport County,start,true,2026-08-22T14:30:00Z,oddschecker-best,6.0,,
C. Camps,Stockport County,start,true,2026-08-22T14:30:00Z,oddschecker-best,6.25,,
O. Norwood,Stockport County,start,true,2026-08-22T14:30:00Z,oddschecker-best,6.5,,
J. Bowler,Blackpool,start,true,2026-08-22T14:30:00Z,oddschecker-best,6.5,,
B. Osborn,Stockport County,start,true,2026-08-22T14:30:00Z,oddschecker-best,7.5,,
L. Bate,Stockport County,start,true,2026-08-22T14:30:00Z,oddschecker-best,8.0,,
T. Edun,Stockport County,start,true,2026-08-22T14:30:00Z,oddschecker-best,8.5,,
C. Hamilton,Blackpool,start,true,2026-08-22T14:30:00Z,oddschecker-best,9.0,,
A. Morgan,Blackpool,start,true,2026-08-22T14:30:00Z,oddschecker-best,9.5,,
I. Niskanen,Blackpool,start,true,2026-08-22T14:30:00Z,oddschecker-best,10.5,,
K. Gordon,Stockport County,start,true,2026-08-22T14:30:00Z,oddschecker-best,10.5,,
K. Anderson,Blackpool,start,true,2026-08-22T14:30:00Z,oddschecker-best,11.0,,
G. Honeyman,Blackpool,start,true,2026-08-22T14:30:00Z,oddschecker-best,12.5,,
L. Clarkson,Blackpool,start,true,2026-08-22T14:30:00Z,oddschecker-best,13.0,,
T. Upton,Blackpool,start,true,2026-08-22T14:30:00Z,oddschecker-best,13.0,,
A. Connolly,Leyton Orient,start,true,2026-08-22T14:30:00Z,oddschecker-best,3.75,,
D. Costelloe,Wigan Athletic,start,true,2026-08-22T14:30:00Z,oddschecker-best,4.0,,
S. Perkins,Wigan Athletic,start,true,2026-08-22T14:30:00Z,oddschecker-best,5.0,,
T. Al Sadi,Leyton Orient,start,true,2026-08-22T14:30:00Z,oddschecker-best,5.0,,
C. Saydee,Wigan Athletic,start,true,2026-08-22T14:30:00Z,oddschecker-best,5.1,,
C. Sze,Wigan Athletic,start,true,2026-08-22T14:30:00Z,oddschecker-best,5.2,,
Y. Akhamrich,Leyton Orient,start,true,2026-08-22T14:30:00Z,oddschecker-best,5.25,,
T. Archibald,Leyton Orient,start,true,2026-08-22T14:30:00Z,oddschecker-best,5.25,,
A. Higgins,Wigan Athletic,start,true,2026-08-22T14:30:00Z,oddschecker-best,5.5,,
A. Dobra,Leyton Orient,start,true,2026-08-22T14:30:00Z,oddschecker-best,5.75,,
C. McManaman,Wigan Athletic,start,true,2026-08-22T14:30:00Z,oddschecker-best,6.4,,
R. Trevitt,Wigan Athletic,start,true,2026-08-22T14:30:00Z,oddschecker-best,6.5,,
F. Murray,Wigan Athletic,start,true,2026-08-22T14:30:00Z,oddschecker-best,6.5,,
D. Mitchell,Leyton Orient,start,true,2026-08-22T14:30:00Z,oddschecker-best,7.5,,
D. Carter,Leyton Orient,start,true,2026-08-22T14:30:00Z,oddschecker-best,7.5,,
M. Power,Wigan Athletic,start,true,2026-08-22T14:30:00Z,oddschecker-best,8.0,,
I. El Mizouni,Leyton Orient,start,true,2026-08-22T14:30:00Z,oddschecker-best,8.0,,
C. Wellens,Leyton Orient,start,true,2026-08-22T14:30:00Z,oddschecker-best,8.5,,
J. Weir,Wigan Athletic,start,true,2026-08-22T14:30:00Z,oddschecker-best,8.5,,
T. Springett,Leyton Orient,start,true,2026-08-22T14:30:00Z,oddschecker-best,9.0,,
A. Wellens,Leyton Orient,start,true,2026-08-22T14:30:00Z,oddschecker-best,9.5,,
D. Levitt,Leyton Orient,start,true,2026-08-22T14:30:00Z,oddschecker-best,10.0,,
Z. Obiero,Leyton Orient,start,true,2026-08-22T14:30:00Z,oddschecker-best,11.0,,
S. Clare,Leyton Orient,start,true,2026-08-22T14:30:00Z,oddschecker-best,12.0,,
I. Hayden,Leyton Orient,start,true,2026-08-22T14:30:00Z,oddschecker-best,13.0,,
A. Pepple,Plymouth Argyle,start,true,2026-08-22T14:30:00Z,oddschecker-best,2.88,,
E. Tezgel,Wycombe Wanderers,start,true,2026-08-22T14:30:00Z,oddschecker-best,3.3,,
O. Oseni,Plymouth Argyle,start,true,2026-08-22T14:30:00Z,oddschecker-best,3.75,,
C. Woodrow,Wycombe Wanderers,start,true,2026-08-22T14:30:00Z,oddschecker-best,4.0,,
B. Fink,Wycombe Wanderers,start,true,2026-08-22T14:30:00Z,oddschecker-best,4.0,,
F. Onyedinma,Wycombe Wanderers,start,true,2026-08-22T14:30:00Z,oddschecker-best,4.2,,
C. Watts,Plymouth Argyle,start,true,2026-08-22T14:30:00Z,oddschecker-best,4.3,,
F. Issaka,Plymouth Argyle,start,true,2026-08-22T14:30:00Z,oddschecker-best,4.5,,
R. Curtis,Plymouth Argyle,start,true,2026-08-22T14:30:00Z,oddschecker-best,5.0,,
J. Quitirna,Wycombe Wanderers,start,true,2026-08-22T14:30:00Z,oddschecker-best,5.0,,
S. Thomas,Wycombe Wanderers,start,true,2026-08-22T14:30:00Z,oddschecker-best,5.5,,
X. Amaechi,Plymouth Argyle,start,true,2026-08-22T14:30:00Z,oddschecker-best,5.5,,
M. Baidoo,Plymouth Argyle,start,true,2026-08-22T14:30:00Z,oddschecker-best,5.5,,
J. Mullins,Wycombe Wanderers,start,true,2026-08-22T14:30:00Z,oddschecker-best,7.0,,
E. Henderson,Wycombe Wanderers,start,true,2026-08-22T14:30:00Z,oddschecker-best,7.0,,
T. Finn,Plymouth Argyle,start,true,2026-08-22T14:30:00Z,oddschecker-best,7.5,,
L. Leahy,Wycombe Wanderers,start,true,2026-08-22T14:30:00Z,oddschecker-best,7.5,,
C. Boyd-Munce,Wycombe Wanderers,start,true,2026-08-22T14:30:00Z,oddschecker-best,8.0,,
H. White,Plymouth Argyle,start,true,2026-08-22T14:30:00Z,oddschecker-best,8.0,,
C. Roberts,Plymouth Argyle,start,true,2026-08-22T14:30:00Z,oddschecker-best,8.0,,
B. Ibrahim,Plymouth Argyle,start,true,2026-08-22T14:30:00Z,oddschecker-best,8.0,,
A. Morley,Wycombe Wanderers,start,true,2026-08-22T14:30:00Z,oddschecker-best,8.0,,
M. Boateng,Plymouth Argyle,start,true,2026-08-22T14:30:00Z,oddschecker-best,8.5,,
T. Allen,Wycombe Wanderers,start,true,2026-08-22T14:30:00Z,oddschecker-best,8.5,,
S. Parker,Wycombe Wanderers,start,true,2026-08-22T14:30:00Z,oddschecker-best,10.0,,
J. Scowen,Wycombe Wanderers,start,true,2026-08-22T14:30:00Z,oddschecker-best,11.0,,
B. Wiredu,Plymouth Argyle,start,true,2026-08-22T14:30:00Z,oddschecker-best,12.0,,
J. Edwards,Plymouth Argyle,start,true,2026-08-22T14:30:00Z,oddschecker-best,12.0,,
J. Grimmer,Wycombe Wanderers,start,true,2026-08-22T14:30:00Z,oddschecker-best,13.0,,
J. Quigley,Bristol Rovers,start,true,2026-08-22T14:30:00Z,oddschecker-best,2.63,,
F. Cavegn,Bristol Rovers,start,true,2026-08-22T14:30:00Z,oddschecker-best,2.63,,
B. Kamwa,Bristol Rovers,start,true,2026-08-22T14:30:00Z,oddschecker-best,3.2,,
M. Rijks,Bristol Rovers,start,true,2026-08-22T14:30:00Z,oddschecker-best,3.25,,
S. Forde,Bristol Rovers,start,true,2026-08-22T14:30:00Z,oddschecker-best,3.5,,
O. Dewsbury,Bristol Rovers,start,true,2026-08-22T14:30:00Z,oddschecker-best,3.6,,
J. Aitchison,Bristol Rovers,start,true,2026-08-22T14:30:00Z,oddschecker-best,3.75,,
S. Gwengwe,Newport County,start,true,2026-08-22T14:30:00Z,oddschecker-best,4.33,,
C. Doidge,Newport County,start,true,2026-08-22T14:30:00Z,oddschecker-best,4.33,,
T. Leigh,Bristol Rovers,start,true,2026-08-22T14:30:00Z,oddschecker-best,4.5,,
G. Garner,Newport County,start,true,2026-08-22T14:30:00Z,oddschecker-best,5.0,,
M. Alexander-Walker,Newport County,start,true,2026-08-22T14:30:00Z,oddschecker-best,5.5,,
Y. Bamba,Newport County,start,true,2026-08-22T14:30:00Z,oddschecker-best,5.5,,
C. Jarvis,Newport County,start,true,2026-08-22T14:30:00Z,oddschecker-best,6.0,,
R. Smallwood,Bristol Rovers,start,true,2026-08-22T14:30:00Z,oddschecker-best,6.5,,
R. De Havilland,Bristol Rovers,start,true,2026-08-22T14:30:00Z,oddschecker-best,7.0,,
H. Biggins,Newport County,start,true,2026-08-22T14:30:00Z,oddschecker-best,9.0,,
T. Moore,Bristol Rovers,start,true,2026-08-22T14:30:00Z,oddschecker-best,9.5,,
K. Gough,Bristol Rovers,start,true,2026-08-22T14:30:00Z,oddschecker-best,9.5,,
M. Southam-Hales,Bristol Rovers,start,true,2026-08-22T14:30:00Z,oddschecker-best,10.0,,
K. Evans,Newport County,start,true,2026-08-22T14:30:00Z,oddschecker-best,10.0,,
K. Balmer,Bristol Rovers,start,true,2026-08-22T14:30:00Z,oddschecker-best,11.0,,
H. Pugh,Newport County,start,true,2026-08-22T14:30:00Z,oddschecker-best,12.0,,
T. James,Bristol Rovers,start,true,2026-08-22T14:30:00Z,oddschecker-best,12.0,,
M. Smith,Newport County,start,true,2026-08-22T14:30:00Z,oddschecker-best,13.0,,
J. Sparkes,Bristol Rovers,start,true,2026-08-22T14:30:00Z,oddschecker-best,13.0,,
A. Kilgour,Bristol Rovers,start,true,2026-08-22T14:30:00Z,oddschecker-best,13.0,,
R. Harbottle,Bristol Rovers,start,true,2026-08-22T14:30:00Z,oddschecker-best,13.0,,
C. Mola,Bristol Rovers,start,true,2026-08-22T14:30:00Z,oddschecker-best,13.0,,
M. Langstaff,Salford City,start,true,2026-08-22T14:30:00Z,oddschecker-best,3.0,,
D. Udoh,Salford City,start,true,2026-08-22T14:30:00Z,oddschecker-best,3.4,,
J. Bird,Salford City,start,true,2026-08-22T14:30:00Z,oddschecker-best,3.6,,
W. Grigg,Chesterfield,start,true,2026-08-22T14:30:00Z,oddschecker-best,3.6,,
L. Bonis,Chesterfield,start,true,2026-08-22T14:30:00Z,oddschecker-best,3.75,,
R. Graydon,Salford City,start,true,2026-08-22T14:30:00Z,oddschecker-best,3.8,,
F. Bryden,Chesterfield,start,true,2026-08-22T14:30:00Z,oddschecker-best,4.2,,
L. Molyneux,Salford City,start,true,2026-08-22T14:30:00Z,oddschecker-best,4.5,,
A. Odoh,Salford City,start,true,2026-08-22T14:30:00Z,oddschecker-best,4.6,,
D. Markanday,Chesterfield,start,true,2026-08-22T14:30:00Z,oddschecker-best,4.75,,
K. Malcolm,Salford City,start,true,2026-08-22T14:30:00Z,oddschecker-best,4.75,,
J. Koroma,Chesterfield,start,true,2026-08-22T14:30:00Z,oddschecker-best,5.25,,
B. Woodburn,Salford City,start,true,2026-08-22T14:30:00Z,oddschecker-best,5.25,,
K. Cesay,Salford City,start,true,2026-08-22T14:30:00Z,oddschecker-best,5.5,,
C. Cook,Chesterfield,start,true,2026-08-22T14:30:00Z,oddschecker-best,5.5,,
L. Mandeville,Chesterfield,start,true,2026-08-22T14:30:00Z,oddschecker-best,5.75,,
J. Grant,Salford City,start,true,2026-08-22T14:30:00Z,oddschecker-best,6.0,,
D. Anisjko,Chesterfield,start,true,2026-08-22T14:30:00Z,oddschecker-best,7.0,,
J. Austerfield,Salford City,start,true,2026-08-22T14:30:00Z,oddschecker-best,8.0,,
E. Bonds,Salford City,start,true,2026-08-22T14:30:00Z,oddschecker-best,8.0,,
J. Powell,Salford City,start,true,2026-08-22T14:30:00Z,oddschecker-best,8.0,,
M. Butcher,Salford City,start,true,2026-08-22T14:30:00Z,oddschecker-best,9.0,,
R. Longelo,Salford City,start,true,2026-08-22T14:30:00Z,oddschecker-best,9.0,,
T. Naylor,Chesterfield,start,true,2026-08-22T14:30:00Z,oddschecker-best,9.5,,
A. Oluwo,Salford City,start,true,2026-08-22T14:30:00Z,oddschecker-best,10.0,,
L. Garbutt,Salford City,start,true,2026-08-22T14:30:00Z,oddschecker-best,10.0,,
R. Lamptey,Chesterfield,start,true,2026-08-22T14:30:00Z,oddschecker-best,11.0,,
R. Stirk,Chesterfield,start,true,2026-08-22T14:30:00Z,oddschecker-best,11.0,,
O. Turton,Salford City,start,true,2026-08-22T14:30:00Z,oddschecker-best,13.0,,
A. Cook,Grimsby Town,start,true,2026-08-22T14:30:00Z,oddschecker-best,3.1,,
A. Pressley,Walsall,start,true,2026-08-22T14:30:00Z,oddschecker-best,3.75,,
J. Andrews,Grimsby Town,start,true,2026-08-22T14:30:00Z,oddschecker-best,4.0,,
A. Dallas,Walsall,start,true,2026-08-22T14:30:00Z,oddschecker-best,4.33,,
A. Adomah,Walsall,start,true,2026-08-22T14:30:00Z,oddschecker-best,4.5,,
C. Vernam,Grimsby Town,start,true,2026-08-22T14:30:00Z,oddschecker-best,4.5,,
L. Simper,Walsall,start,true,2026-08-22T14:30:00Z,oddschecker-best,4.75,,
R. Smith,Walsall,start,true,2026-08-22T14:30:00Z,oddschecker-best,5.0,,
T. Sodje,Walsall,start,true,2026-08-22T14:30:00Z,oddschecker-best,5.0,,
K. Green,Grimsby Town,start,true,2026-08-22T14:30:00Z,oddschecker-best,5.5,,
J. Amaluzor,Grimsby Town,start,true,2026-08-22T14:30:00Z,oddschecker-best,5.5,,
J. Walker,Grimsby Town,start,true,2026-08-22T14:30:00Z,oddschecker-best,6.5,,
R. Smith,Walsall,start,true,2026-08-22T14:30:00Z,oddschecker-best,6.5,,
I. Moore,Walsall,start,true,2026-08-22T14:30:00Z,oddschecker-best,7.0,,
C. Doyle,Grimsby Town,start,true,2026-08-22T14:30:00Z,oddschecker-best,8.0,,
R. Maher,Walsall,start,true,2026-08-22T14:30:00Z,oddschecker-best,8.0,,
H. Brown,Grimsby Town,start,true,2026-08-22T14:30:00Z,oddschecker-best,9.0,,
C. Clarke,Walsall,start,true,2026-08-22T14:30:00Z,oddschecker-best,10.0,,
G. Turi,Grimsby Town,start,true,2026-08-22T14:30:00Z,oddschecker-best,11.0,,
C. Crew,Walsall,start,true,2026-08-22T14:30:00Z,oddschecker-best,11.0,,
J. Connolly,Walsall,start,true,2026-08-22T14:30:00Z,oddschecker-best,13.0,,
H. Williams,Walsall,start,true,2026-08-22T14:30:00Z,oddschecker-best,13.0,,
H. Rodgers,Grimsby Town,start,true,2026-08-22T14:30:00Z,oddschecker-best,13.0,,
M. Hancock,Walsall,start,true,2026-08-22T14:30:00Z,oddschecker-best,13.0,,
E. Nevitt,Oldham Athletic,start,true,2026-08-22T14:30:00Z,oddschecker-best,3.5,,
S. Tovide,Colchester United,start,true,2026-08-22T14:30:00Z,oddschecker-best,3.7,,
L. Chiwome,Colchester United,start,true,2026-08-22T14:30:00Z,oddschecker-best,3.75,,
C. Kavanagh,Oldham Athletic,start,true,2026-08-22T14:30:00Z,oddschecker-best,3.8,,
B. Ihionvien,Colchester United,start,true,2026-08-22T14:30:00Z,oddschecker-best,4.0,,
J. Payne,Colchester United,start,true,2026-08-22T14:30:00Z,oddschecker-best,4.0,,
K. Drummond,Oldham Athletic,start,true,2026-08-22T14:30:00Z,oddschecker-best,4.0,,
A. Akande,Colchester United,start,true,2026-08-22T14:30:00Z,oddschecker-best,4.33,,
F. Fawunmi,Oldham Athletic,start,true,2026-08-22T14:30:00Z,oddschecker-best,4.33,,
J. Hawkes,Oldham Athletic,start,true,2026-08-22T14:30:00Z,oddschecker-best,5.5,,
O. Thorn,Colchester United,start,true,2026-08-22T14:30:00Z,oddschecker-best,6.0,,
H. Anderson,Colchester United,start,true,2026-08-22T14:30:00Z,oddschecker-best,6.0,,
N. Chilvers,Oldham Athletic,start,true,2026-08-22T14:30:00Z,oddschecker-best,6.0,,
O. Hammond,Oldham Athletic,start,true,2026-08-22T14:30:00Z,oddschecker-best,6.0,,
G. Scott-Morriss,Oldham Athletic,start,true,2026-08-22T14:30:00Z,oddschecker-best,7.0,,
T. Hill,Oldham Athletic,start,true,2026-08-22T14:30:00Z,oddschecker-best,7.0,,
T. Pett,Oldham Athletic,start,true,2026-08-22T14:30:00Z,oddschecker-best,8.0,,
O. Norburn,Oldham Athletic,start,true,2026-08-22T14:30:00Z,oddschecker-best,8.5,,
T. Bishop,Colchester United,start,true,2026-08-22T14:30:00Z,oddschecker-best,9.0,,
K. Payne,Oldham Athletic,start,true,2026-08-22T14:30:00Z,oddschecker-best,10.0,,
K. Appiah-Forson,Oldham Athletic,start,true,2026-08-22T14:30:00Z,oddschecker-best,12.0,,
R. Delaney,Oldham Athletic,start,true,2026-08-22T14:30:00Z,oddschecker-best,13.0,,
R. Woods,Oldham Athletic,start,true,2026-08-22T14:30:00Z,oddschecker-best,13.0,,
J. March,Crewe Alexandra,start,true,2026-08-22T14:30:00Z,oddschecker-best,3.0,,
M. Warhurst,Northampton Town,start,true,2026-08-22T14:30:00Z,oddschecker-best,3.75,,
N. Dobson,Northampton Town,start,true,2026-08-22T14:30:00Z,oddschecker-best,4.0,,
A. Thibaut,Crewe Alexandra,start,true,2026-08-22T14:30:00Z,oddschecker-best,4.0,,
J. Gibson,Crewe Alexandra,start,true,2026-08-22T14:30:00Z,oddschecker-best,4.1,,
H. Saunders,Northampton Town,start,true,2026-08-22T14:30:00Z,oddschecker-best,4.33,,
C. Agius,Crewe Alexandra,start,true,2026-08-22T14:30:00Z,oddschecker-best,4.5,,
S. Hoskins,Northampton Town,start,true,2026-08-22T14:30:00Z,oddschecker-best,5.0,,
C. Thomas,Crewe Alexandra,start,true,2026-08-22T14:30:00Z,oddschecker-best,5.5,,
L. Moore,Crewe Alexandra,start,true,2026-08-22T14:30:00Z,oddschecker-best,5.5,,
P. Mlynarski,Crewe Alexandra,start,true,2026-08-22T14:30:00Z,oddschecker-best,5.5,,
C. Lemonheigh-Evans,Northampton Town,start,true,2026-08-22T14:30:00Z,oddschecker-best,5.75,,
E. List,Northampton Town,start,true,2026-08-22T14:30:00Z,oddschecker-best,5.75,,
K. Swyer,Northampton Town,start,true,2026-08-22T14:30:00Z,oddschecker-best,6.0,,
J. Tabiner,Crewe Alexandra,start,true,2026-08-22T14:30:00Z,oddschecker-best,6.5,,
J. Lankester,Crewe Alexandra,start,true,2026-08-22T14:30:00Z,oddschecker-best,6.5,,
L. Briggs,Northampton Town,start,true,2026-08-22T14:30:00Z,oddschecker-best,7.0,,
O. Lunt,Crewe Alexandra,start,true,2026-08-22T14:30:00Z,oddschecker-best,7.5,,
J. White,Crewe Alexandra,start,true,2026-08-22T14:30:00Z,oddschecker-best,7.5,,
J. Perkins,Northampton Town,start,true,2026-08-22T14:30:00Z,oddschecker-best,9.0,,
T. Fornah,Northampton Town,start,true,2026-08-22T14:30:00Z,oddschecker-best,10.0,,
L. Offord,Crewe Alexandra,start,true,2026-08-22T14:30:00Z,oddschecker-best,11.0,,
R. Hutchinson,Crewe Alexandra,start,true,2026-08-22T14:30:00Z,oddschecker-best,12.0,,
M. Demetriou,Crewe Alexandra,start,true,2026-08-22T14:30:00Z,oddschecker-best,12.0,,
J. Wareham,Exeter City,start,true,2026-08-22T14:30:00Z,oddschecker-best,2.88,,
J. Gordon,Exeter City,start,true,2026-08-22T14:30:00Z,oddschecker-best,3.25,,
S. Cox,Exeter City,start,true,2026-08-22T14:30:00Z,oddschecker-best,3.5,,
C. Stockton,Accrington Stanley,start,true,2026-08-22T14:30:00Z,oddschecker-best,4.0,,
C. Caton,Accrington Stanley,start,true,2026-08-22T14:30:00Z,oddschecker-best,4.0,,
R. Cole,Exeter City,start,true,2026-08-22T14:30:00Z,oddschecker-best,4.5,,
S. Whalley,Accrington Stanley,start,true,2026-08-22T14:30:00Z,oddschecker-best,4.75,,
J. Woods,Accrington Stanley,start,true,2026-08-22T14:30:00Z,oddschecker-best,5.0,,
S. Mols,Accrington Stanley,start,true,2026-08-22T14:30:00Z,oddschecker-best,6.0,,
T. Walton,Accrington Stanley,start,true,2026-08-22T14:30:00Z,oddschecker-best,6.0,,
A. Oluwabori,Exeter City,start,true,2026-08-22T14:30:00Z,oddschecker-best,6.0,,
G. Birch,Exeter City,start,true,2026-08-22T14:30:00Z,oddschecker-best,6.0,,
T. Perry,Exeter City,start,true,2026-08-22T14:30:00Z,oddschecker-best,6.5,,
C. Brown,Accrington Stanley,start,true,2026-08-22T14:30:00Z,oddschecker-best,6.5,,
I. Sinclair,Accrington Stanley,start,true,2026-08-22T14:30:00Z,oddschecker-best,6.5,,
P. Borges,Exeter City,start,true,2026-08-22T14:30:00Z,oddschecker-best,7.5,,
A. Henderson,Accrington Stanley,start,true,2026-08-22T14:30:00Z,oddschecker-best,8.0,,
H. Kite,Exeter City,start,true,2026-08-22T14:30:00Z,oddschecker-best,8.0,,
S. Conneely,Accrington Stanley,start,true,2026-08-22T14:30:00Z,oddschecker-best,12.0,,
C. Cummins,Exeter City,start,true,2026-08-22T14:30:00Z,oddschecker-best,12.0,,
C. Grant,Accrington Stanley,start,true,2026-08-22T14:30:00Z,oddschecker-best,13.0,,
F. Rawson,Accrington Stanley,start,true,2026-08-22T14:30:00Z,oddschecker-best,13.0,,
C. Evans,Fleetwood Town,start,true,2026-08-22T14:30:00Z,oddschecker-best,2.88,,
W. Davies,Fleetwood Town,start,true,2026-08-22T14:30:00Z,oddschecker-best,2.88,,
R. Coughlan,Fleetwood Town,start,true,2026-08-22T14:30:00Z,oddschecker-best,3.3,,
M. Helm,Fleetwood Town,start,true,2026-08-22T14:30:00Z,oddschecker-best,3.75,,
R. Hale,Gillingham,start,true,2026-08-22T14:30:00Z,oddschecker-best,4.2,,
S. Palmer-Houlden,Gillingham,start,true,2026-08-22T14:30:00Z,oddschecker-best,4.5,,
W. Goodwin,Gillingham,start,true,2026-08-22T14:30:00Z,oddschecker-best,5.0,,
L. McCann,Fleetwood Town,start,true,2026-08-22T14:30:00Z,oddschecker-best,5.5,,
J. Brophy,Gillingham,start,true,2026-08-22T14:30:00Z,oddschecker-best,6.5,,
S. Costelloe,Fleetwood Town,start,true,2026-08-22T14:30:00Z,oddschecker-best,6.5,,
K. Thompson-Sommers,Fleetwood Town,start,true,2026-08-22T14:30:00Z,oddschecker-best,6.5,,
A. Cannon,Fleetwood Town,start,true,2026-08-22T14:30:00Z,oddschecker-best,6.5,,
D. Theodore,Gillingham,start,true,2026-08-22T14:30:00Z,oddschecker-best,7.0,,
S. Kendall,Gillingham,start,true,2026-08-22T14:30:00Z,oddschecker-best,7.5,,
C. McLean,Fleetwood Town,start,true,2026-08-22T14:30:00Z,oddschecker-best,8.0,,
K. Harris,Gillingham,start,true,2026-08-22T14:30:00Z,oddschecker-best,8.0,,
C. Antwi,Gillingham,start,true,2026-08-22T14:30:00Z,oddschecker-best,9.0,,
R. McKenzie,Gillingham,start,true,2026-08-22T14:30:00Z,oddschecker-best,9.0,,
Z. Albarus,Gillingham,start,true,2026-08-22T14:30:00Z,oddschecker-best,10.0,,
D. Andrew,Fleetwood Town,start,true,2026-08-22T14:30:00Z,oddschecker-best,11.0,,
H. Waldock,Gillingham,start,true,2026-08-22T14:30:00Z,oddschecker-best,11.0,,
E. Coleman,Gillingham,start,true,2026-08-22T14:30:00Z,oddschecker-best,11.0,,
J. Dempsey,Fleetwood Town,start,true,2026-08-22T14:30:00Z,oddschecker-best,11.0,,
H. Neal,Fleetwood Town,start,true,2026-08-22T14:30:00Z,oddschecker-best,13.0,,
F. Potter,Fleetwood Town,start,true,2026-08-22T14:30:00Z,oddschecker-best,13.0,,
N. Freeman,Gillingham,start,true,2026-08-22T14:30:00Z,oddschecker-best,13.0,,
O. Lynch,Port Vale,start,true,2026-08-22T14:30:00Z,oddschecker-best,3.0,,
M. Faal,Port Vale,start,true,2026-08-22T14:30:00Z,oddschecker-best,3.0,,
B. Waine,Port Vale,start,true,2026-08-22T14:30:00Z,oddschecker-best,3.1,,
G. Hall,Port Vale,start,true,2026-08-22T14:30:00Z,oddschecker-best,4.75,,
J. Ironside,Tranmere Rovers,start,true,2026-08-22T14:30:00Z,oddschecker-best,5.0,,
C. Whitaker,Tranmere Rovers,start,true,2026-08-22T14:30:00Z,oddschecker-best,5.5,,
S. Mann,Tranmere Rovers,start,true,2026-08-22T14:30:00Z,oddschecker-best,6.0,,
T. Ince,Tranmere Rovers,start,true,2026-08-22T14:30:00Z,oddschecker-best,6.0,,
G. Byers,Port Vale,start,true,2026-08-22T14:30:00Z,oddschecker-best,6.0,,
K. Dempsey,Port Vale,start,true,2026-08-22T14:30:00Z,oddschecker-best,6.5,,
R. Croasdale,Port Vale,start,true,2026-08-22T14:30:00Z,oddschecker-best,7.0,,
J. Davies,Tranmere Rovers,start,true,2026-08-22T14:30:00Z,oddschecker-best,7.5,,
J. Headley,Port Vale,start,true,2026-08-22T14:30:00Z,oddschecker-best,7.5,,
R. Watson,Tranmere Rovers,start,true,2026-08-22T14:30:00Z,oddschecker-best,7.5,,
R. Walters,Port Vale,start,true,2026-08-22T14:30:00Z,oddschecker-best,8.0,,
C. Bussel,Port Vale,start,true,2026-08-22T14:30:00Z,oddschecker-best,8.5,,
Z. Okoro,Tranmere Rovers,start,true,2026-08-22T14:30:00Z,oddschecker-best,8.5,,
C. Veevers,Tranmere Rovers,start,true,2026-08-22T14:30:00Z,oddschecker-best,10.0,,
J. Plant,Tranmere Rovers,start,true,2026-08-22T14:30:00Z,oddschecker-best,11.0,,
C. Hall,Port Vale,start,true,2026-08-22T14:30:00Z,oddschecker-best,11.0,,
W. Vaulks,Tranmere Rovers,start,true,2026-08-22T14:30:00Z,oddschecker-best,11.0,,
T. Conlon,Tranmere Rovers,start,true,2026-08-22T14:30:00Z,oddschecker-best,12.0,,
S. Finley,Tranmere Rovers,start,true,2026-08-22T14:30:00Z,oddschecker-best,12.0,,
L. Montsma,Port Vale,start,true,2026-08-22T14:30:00Z,oddschecker-best,13.0,,
E. Dieseruvwe,Rochdale,start,true,2026-08-22T14:30:00Z,oddschecker-best,2.63,,
I. Henderson,Rochdale,start,true,2026-08-22T14:30:00Z,oddschecker-best,2.88,,
D. Rodney,Rochdale,start,true,2026-08-22T14:30:00Z,oddschecker-best,3.3,,
D. Brown,Rochdale,start,true,2026-08-22T14:30:00Z,oddschecker-best,3.6,,
C. Hayes,Rochdale,start,true,2026-08-22T14:30:00Z,oddschecker-best,3.75,,
G. Di Biase,Crawley Town,start,true,2026-08-22T14:30:00Z,oddschecker-best,4.5,,
O. Aderoju,Crawley Town,start,true,2026-08-22T14:30:00Z,oddschecker-best,4.5,,
Z. Silcott-Duberry,Rochdale,start,true,2026-08-22T14:30:00Z,oddschecker-best,5.5,,
F. Kotey,Crawley Town,start,true,2026-08-22T14:30:00Z,oddschecker-best,5.75,,
H. Gilmour,Rochdale,start,true,2026-08-22T14:30:00Z,oddschecker-best,5.75,,
S. Duke-McKenna,Crawley Town,start,true,2026-08-22T14:30:00Z,oddschecker-best,6.5,,
L. Hannant,Rochdale,start,true,2026-08-22T14:30:00Z,oddschecker-best,6.5,,
D. Pereira,Crawley Town,start,true,2026-08-22T14:30:00Z,oddschecker-best,7.0,,
M. Ebiowei,Crawley Town,start,true,2026-08-22T14:30:00Z,oddschecker-best,7.0,,
J. Ferizaj,Crawley Town,start,true,2026-08-22T14:30:00Z,oddschecker-best,7.5,,
O. Kamara,Crawley Town,start,true,2026-08-22T14:30:00Z,oddschecker-best,7.5,,
C. Edwards,Rochdale,start,true,2026-08-22T14:30:00Z,oddschecker-best,8.0,,
R. East,Rochdale,start,true,2026-08-22T14:30:00Z,oddschecker-best,8.0,,
E. Francis,Rochdale,start,true,2026-08-22T14:30:00Z,oddschecker-best,8.0,,
L. Watson,Crawley Town,start,true,2026-08-22T14:30:00Z,oddschecker-best,8.5,,
T. Adebayo-Rowling,Rochdale,start,true,2026-08-22T14:30:00Z,oddschecker-best,9.0,,
A. Adeyemo,Crawley Town,start,true,2026-08-22T14:30:00Z,oddschecker-best,9.0,,
N. Tinsdale,Crawley Town,start,true,2026-08-22T14:30:00Z,oddschecker-best,9.5,,
K. Krasniqi,Crawley Town,start,true,2026-08-22T14:30:00Z,oddschecker-best,9.5,,
J. Arthurs,Crawley Town,start,true,2026-08-22T14:30:00Z,oddschecker-best,10.0,,
J. Robertson,Crawley Town,start,true,2026-08-22T14:30:00Z,oddschecker-best,10.0,,
D. Moss,Rochdale,start,true,2026-08-22T14:30:00Z,oddschecker-best,11.0,,
E. Ebanks-Landell,Rochdale,start,true,2026-08-22T14:30:00Z,oddschecker-best,13.0,,
B. Bilongo,Rochdale,start,true,2026-08-22T14:30:00Z,oddschecker-best,13.0,,
O. Pearce,York City,start,true,2026-08-22T14:30:00Z,oddschecker-best,2.88,,
P. Mullin,Rotherham United,start,true,2026-08-22T14:30:00Z,oddschecker-best,3.0,,
T. Bradshaw,Rotherham United,start,true,2026-08-22T14:30:00Z,oddschecker-best,3.25,,
D. Akinyemi,York City,start,true,2026-08-22T14:30:00Z,oddschecker-best,3.6,,
R. Wilson,Rotherham United,start,true,2026-08-22T14:30:00Z,oddschecker-best,3.6,,
F. Tavares,Rotherham United,start,true,2026-08-22T14:30:00Z,oddschecker-best,3.9,,
A. Newby,York City,start,true,2026-08-22T14:30:00Z,oddschecker-best,4.2,,
C. Hewitt,York City,start,true,2026-08-22T14:30:00Z,oddschecker-best,4.33,,
J. Grey,York City,start,true,2026-08-22T14:30:00Z,oddschecker-best,4.33,,
B. Farrar,York City,start,true,2026-08-22T14:30:00Z,oddschecker-best,4.33,,
F. Maguire,York City,start,true,2026-08-22T14:30:00Z,oddschecker-best,4.5,,
A. Martha,Rotherham United,start,true,2026-08-22T14:30:00Z,oddschecker-best,5.0,,
G. Olley,York City,start,true,2026-08-22T14:30:00Z,oddschecker-best,6.0,,
J. Clarke,Rotherham United,start,true,2026-08-22T14:30:00Z,oddschecker-best,6.5,,
J. Jellis,Rotherham United,start,true,2026-08-22T14:30:00Z,oddschecker-best,6.5,,
O. Banks,York City,start,true,2026-08-22T14:30:00Z,oddschecker-best,6.5,,
A. Read,York City,start,true,2026-08-22T14:30:00Z,oddschecker-best,7.5,,
A. Hunt,York City,start,true,2026-08-22T14:30:00Z,oddschecker-best,7.5,,
K. Spence,Rotherham United,start,true,2026-08-22T14:30:00Z,oddschecker-best,7.5,,
K. Richardson,Rotherham United,start,true,2026-08-22T14:30:00Z,oddschecker-best,8.0,,
A. Nemane,Rotherham United,start,true,2026-08-22T14:30:00Z,oddschecker-best,8.0,,
O. Ashley,Rotherham United,start,true,2026-08-22T14:30:00Z,oddschecker-best,10.0,,
D. Hall,Rotherham United,start,true,2026-08-22T14:30:00Z,oddschecker-best,11.0,,
B. Cover,Rotherham United,start,true,2026-08-22T14:30:00Z,oddschecker-best,11.0,,
J. Felix,York City,start,true,2026-08-22T14:30:00Z,oddschecker-best,13.0,,
J. Buyabu,Rotherham United,start,true,2026-08-22T14:30:00Z,oddschecker-best,13.0,,
B. Brookes,York City,start,true,2026-08-22T14:30:00Z,oddschecker-best,13.0,,
A. Palmer,York City,start,true,2026-08-22T14:30:00Z,oddschecker-best,13.0,,
K. Tshimanga,Barnet,start,true,2026-08-22T14:30:00Z,oddschecker-best,2.88,,
J. Maskell,Barnet,start,true,2026-08-22T14:30:00Z,oddschecker-best,3.3,,
J. Davison,Shrewsbury Town,start,true,2026-08-22T14:30:00Z,oddschecker-best,4.2,,
G. Lloyd,Shrewsbury Town,start,true,2026-08-22T14:30:00Z,oddschecker-best,4.2,,
T. Knowles,Barnet,start,true,2026-08-22T14:30:00Z,oddschecker-best,4.33,,
J. Gbode,Shrewsbury Town,start,true,2026-08-22T14:30:00Z,oddschecker-best,5.0,,
I. Kanu,Barnet,start,true,2026-08-22T14:30:00Z,oddschecker-best,5.0,,
A. Liwala-Lukizalamu,Barnet,start,true,2026-08-22T14:30:00Z,oddschecker-best,5.5,,
I. Fletcher,Shrewsbury Town,start,true,2026-08-22T14:30:00Z,oddschecker-best,6.0,,
N. Ofoborh,Barnet,start,true,2026-08-22T14:30:00Z,oddschecker-best,6.0,,
C. Lakin,Barnet,start,true,2026-08-22T14:30:00Z,oddschecker-best,6.0,,
B. Siaw,Barnet,start,true,2026-08-22T14:30:00Z,oddschecker-best,6.5,,
W. Gray,Shrewsbury Town,start,true,2026-08-22T14:30:00Z,oddschecker-best,7.0,,
J. Turner-Cooke,Shrewsbury Town,start,true,2026-08-22T14:30:00Z,oddschecker-best,7.5,,
A. Senior,Barnet,start,true,2026-08-22T14:30:00Z,oddschecker-best,8.0,,
O. Gallagher,Barnet,start,true,2026-08-22T14:30:00Z,oddschecker-best,8.0,,
I. England,Shrewsbury Town,start,true,2026-08-22T14:30:00Z,oddschecker-best,8.5,,
S. Clucas,Shrewsbury Town,start,true,2026-08-22T14:30:00Z,oddschecker-best,9.0,,
P. Matejko,Barnet,start,true,2026-08-22T14:30:00Z,oddschecker-best,9.0,,
W. Wright,Barnet,start,true,2026-08-22T14:30:00Z,oddschecker-best,11.0,,
Z. Williams,Barnet,start,true,2026-08-22T14:30:00Z,oddschecker-best,11.0,,
D. Collinge,Barnet,start,true,2026-08-22T14:30:00Z,oddschecker-best,11.0,,
J. Price,Shrewsbury Town,start,true,2026-08-22T14:30:00Z,oddschecker-best,13.0,,
W. Boyle,Shrewsbury Town,start,true,2026-08-22T14:30:00Z,oddschecker-best,13.0,,
A. Drinan,Swindon Town,start,true,2026-08-22T14:30:00Z,oddschecker-best,2.55,,
O. Palmer,Swindon Town,start,true,2026-08-22T14:30:00Z,oddschecker-best,3.2,,
P. Glatzel,Swindon Town,start,true,2026-08-22T14:30:00Z,oddschecker-best,3.25,,
K. Otchere,Cheltenham Town,start,true,2026-08-22T14:30:00Z,oddschecker-best,4.0,,
G. Miller,Cheltenham Town,start,true,2026-08-22T14:30:00Z,oddschecker-best,4.1,,
J. Hungbo,Swindon Town,start,true,2026-08-22T14:30:00Z,oddschecker-best,4.33,,
O. Clarke,Swindon Town,start,true,2026-08-22T14:30:00Z,oddschecker-best,5.0,,
J. Bickerstaff,Cheltenham Town,start,true,2026-08-22T14:30:00Z,oddschecker-best,5.0,,
J. Snowdon,Swindon Town,start,true,2026-08-22T14:30:00Z,oddschecker-best,5.5,,
T. Nichols,Swindon Town,start,true,2026-08-22T14:30:00Z,oddschecker-best,5.5,,
S. Obieri,Cheltenham Town,start,true,2026-08-22T14:30:00Z,oddschecker-best,6.5,,
J. Shipley,Cheltenham Town,start,true,2026-08-22T14:30:00Z,oddschecker-best,6.5,,
M. Virtue,Swindon Town,start,true,2026-08-22T14:30:00Z,oddschecker-best,7.0,,
B. Middlemas,Swindon Town,start,true,2026-08-22T14:30:00Z,oddschecker-best,7.5,,
C. McCann,Cheltenham Town,start,true,2026-08-22T14:30:00Z,oddschecker-best,8.0,,
R. Broom,Cheltenham Town,start,true,2026-08-22T14:30:00Z,oddschecker-best,9.0,,
J. Tomlinson,Cheltenham Town,start,true,2026-08-22T14:30:00Z,oddschecker-best,13.0,,
K. Majekodunmi,Swindon Town,start,true,2026-08-22T14:30:00Z,oddschecker-best,13.0,,
